class,uid,assigned_type,assigned_key,call_offset,UID,DRIVER,NUMBER,TEAM,Livery,Pin,InteriorConfig,DriverImages,Selectable,AIDriverProfile,Series,BaseArcName,LastWonSprintCup
DRIVERCONFIG_c,2407,,2407,0x17527,2407,"DRIVER_c(2382, S_DRIVER_CUSTOM_CHEVROLET, None, True, True, , 129106177, False, False)","DRIVERNUMBER_c(2443, W:\NAS3\Hud\NEW\numbers\53-CHEVROLET_01.tga, 35_CUSTOMCHEVROLET)","RACETEAM_c(2403, S_TEAM_CUSTOM_CHEVROLET, None, )",None,"DRIVERPIN_c(1733, S_XG_COUNTRY_USA, USA)","DRIVERINTERIORCONFIG_c(2381, 1, None, None)",DRIVERPORTRAIT_c(7481),False,AIRACEDRIVERPROFILE_c(3228),"RACESERIES_c(6955, S_SERIES_SPRINT_CUP, 6956, [], [], 2011, True, None)",CUSTOMCHEVROLET,129106177
DRIVERCONFIG_c,2408,,2408,0x1755A,2408,"DRIVER_c(2383, S_DRIVER_CUSTOM_DODGE, None, True, True, , 129106177, False, False)","DRIVERNUMBER_c(2444, W:\NAS3\Hud\NEW\numbers\50-DODGE.tga, 50_CUSTOMDODGE)","RACETEAM_c(2404, S_TEAM_CUSTOM_DODGE, None, )",None,"DRIVERPIN_c(1733, S_XG_COUNTRY_USA, USA)","DRIVERINTERIORCONFIG_c(2381, 1, None, None)",DRIVERPORTRAIT_c(7482),False,AIRACEDRIVERPROFILE_c(3228),"RACESERIES_c(6955, S_SERIES_SPRINT_CUP, 6956, [], [], 2011, True, None)",CUSTOMDODGE,129106177
DRIVERCONFIG_c,2409,,2409,0x1758D,2409,"DRIVER_c(2384, S_DRIVER_CUSTOM_FORD, None, True, True, , 129106177, False, False)","DRIVERNUMBER_c(2445, W:\NAS3\Hud\NEW\numbers\62-FORD.tga, 62_CUSTOMFORD)","RACETEAM_c(2405, S_TEAM_CUSTOM_FORD, None, )",None,"DRIVERPIN_c(1733, S_XG_COUNTRY_USA, USA)","DRIVERINTERIORCONFIG_c(2381, 1, None, None)",DRIVERPORTRAIT_c(7483),False,AIRACEDRIVERPROFILE_c(3228),"RACESERIES_c(6955, S_SERIES_SPRINT_CUP, 6956, [], [], 2011, True, None)",CUSTOMFORD,129106177
DRIVERCONFIG_c,2410,,2410,0x175C0,2410,"DRIVER_c(2385, S_DRIVER_CUSTOM_TOYOTA, None, True, True, , 129106177, False, False)","DRIVERNUMBER_c(2446, W:\NAS3\Hud\NEW\numbers\76-TOYOTA.tga, 76_CUSTOMTOYOTA)","RACETEAM_c(2406, S_TEAM_CUSTOM_TOYOTA, None, )",None,"DRIVERPIN_c(1733, S_XG_COUNTRY_USA, USA)","DRIVERINTERIORCONFIG_c(2381, 1, None, None)",DRIVERPORTRAIT_c(7484),False,AIRACEDRIVERPROFILE_c(3228),"RACESERIES_c(6955, S_SERIES_SPRINT_CUP, 6956, [], [], 2011, True, None)",CUSTOMTOYOTA,129106177
DRIVERCONFIG_c,2492,,2492,0x175F3,2492,"DRIVER_c(2491, S_DEFAULT_PLAYER_NAME, None, True, True, , 129106177, False, False)","DRIVERNUMBER_c(2493, W:\NAS3\Hud\NEW\numbers\53-CHEVROLET_01.tga, 35_CUSTOMGENERIC)","RACETEAM_c(2495, S_DEFAULT_TEAM_NAME, None, )","LIVERIE_c(12602, TELEMETRYCHEVROLET, BaseColour_c(0, 0, 180), S_LIV_PRIMARY, None, False, False, None, None, False, None, False, 131858689, , -1)","DRIVERPIN_c(1733, S_XG_COUNTRY_USA, USA)","DRIVERINTERIORCONFIG_c(2381, 1, None, None)",DRIVERPORTRAIT_c(7485),True,AIRACEDRIVERPROFILE_c(3228),"RACESERIES_c(9670, S_SERIES_SPRINT_CUP, 9671, [], [], 2012, True, None)",CUSTOMGENERIC,129106177
DRIVERCONFIG_c,6411,,6411,0x17626,6411,None,None,None,None,"DRIVERPIN_c(1733, S_XG_COUNTRY_USA, USA)",None,None,False,AIRACEDRIVERPROFILE_c(3228),"RACESERIES_c(6955, S_SERIES_SPRINT_CUP, 6956, [], [], 2011, True, None)",HALLOFFAME,129106177
DRIVERCONFIG_c,6412,,6412,0x17659,6412,None,None,None,None,"DRIVERPIN_c(1733, S_XG_COUNTRY_USA, USA)",None,None,False,AIRACEDRIVERPROFILE_c(3228),"RACESERIES_c(6955, S_SERIES_SPRINT_CUP, 6956, [], [], 2011, True, None)",NASCARDOTCOM,129106177
DRIVERCONFIG_c,7743,,7743,0x1768C,7743,None,None,None,None,"DRIVERPIN_c(1733, S_XG_COUNTRY_USA, USA)",None,None,False,AIRACEDRIVERPROFILE_c(3228),"RACESERIES_c(9670, S_SERIES_SPRINT_CUP, 9671, [], [], 2012, True, None)",ROUSHYATES,129106177
DRIVERCONFIG_c,12597,,12597,0x176BF,12597,"DRIVER_c(12601, S_DRIVER_TITLE, None, True, True, , 129106177, False, False)","DRIVERNUMBER_c(12606, W:\NAS3\Hud\2012\numbers\0_placeholder.tga, 0_TELEMETRYDRIVER)","RACETEAM_c(2403, S_TEAM_CUSTOM_CHEVROLET, None, )","LIVERIE_c(12602, TELEMETRYCHEVROLET, BaseColour_c(0, 0, 180), S_LIV_PRIMARY, None, False, False, None, None, False, None, False, 131858689, , -1)","DRIVERPIN_c(1733, S_XG_COUNTRY_USA, USA)","DRIVERINTERIORCONFIG_c(12419, 1, None, None)",DRIVERPORTRAIT_c(7481),False,AIRACEDRIVERPROFILE_c(3228),"RACESERIES_c(9670, S_SERIES_SPRINT_CUP, 9671, [], [], 2012, True, None)",TELEMETRYCHEVROLET,129106177
DRIVERCONFIG_c,12598,,12598,0x176F2,12598,"DRIVER_c(12608, S_DRIVER_TITLE, None, True, True, , 129106177, False, False)","DRIVERNUMBER_c(12606, W:\NAS3\Hud\2012\numbers\0_placeholder.tga, 0_TELEMETRYDRIVER)","RACETEAM_c(2404, S_TEAM_CUSTOM_DODGE, None, )","LIVERIE_c(12603, TELEMETRYDODGE, BaseColour_c(0, 0, 180), S_LIV_PRIMARY, None, False, False, None, None, False, None, False, 131858689, , -1)","DRIVERPIN_c(1733, S_XG_COUNTRY_USA, USA)","DRIVERINTERIORCONFIG_c(12420, 1, None, None)",DRIVERPORTRAIT_c(7482),False,AIRACEDRIVERPROFILE_c(3228),"RACESERIES_c(9670, S_SERIES_SPRINT_CUP, 9671, [], [], 2012, True, None)",TELEMETRYDODGE,129106177
DRIVERCONFIG_c,12599,,12599,0x17725,12599,"DRIVER_c(12609, S_DRIVER_TITLE, None, True, True, , 129106177, False, False)","DRIVERNUMBER_c(12606, W:\NAS3\Hud\2012\numbers\0_placeholder.tga, 0_TELEMETRYDRIVER)","RACETEAM_c(2405, S_TEAM_CUSTOM_FORD, None, )","LIVERIE_c(12604, TELEMETRYFORD, BaseColour_c(0, 0, 180), S_LIV_PRIMARY, None, False, False, None, None, False, None, False, 131858689, , -1)","DRIVERPIN_c(1733, S_XG_COUNTRY_USA, USA)","DRIVERINTERIORCONFIG_c(12421, 1, None, None)",DRIVERPORTRAIT_c(7483),False,AIRACEDRIVERPROFILE_c(3228),"RACESERIES_c(9670, S_SERIES_SPRINT_CUP, 9671, [], [], 2012, True, None)",TELEMETRYFORD,129106177
DRIVERCONFIG_c,12600,,12600,0x17758,12600,"DRIVER_c(12610, S_DRIVER_TITLE, None, True, True, , 129106177, False, False)","DRIVERNUMBER_c(12606, W:\NAS3\Hud\2012\numbers\0_placeholder.tga, 0_TELEMETRYDRIVER)","RACETEAM_c(2406, S_TEAM_CUSTOM_TOYOTA, None, )","LIVERIE_c(12605, TELEMETRYTOYOTA, BaseColour_c(0, 0, 180), S_LIV_PRIMARY, None, False, False, None, None, False, None, False, 131858689, , -1)","DRIVERPIN_c(1733, S_XG_COUNTRY_USA, USA)","DRIVERINTERIORCONFIG_c(12422, 1, None, None)",DRIVERPORTRAIT_c(7484),False,AIRACEDRIVERPROFILE_c(3228),"RACESERIES_c(9670, S_SERIES_SPRINT_CUP, 9671, [], [], 2012, True, None)",TELEMETRYTOYOTA,129106177
DRIVERCONFIG_c,15702,,15702,0x1778B,15702,None,None,None,None,"DRIVERPIN_c(1733, S_XG_COUNTRY_USA, USA)",None,None,False,AIRACEDRIVERPROFILE_c(3228),"RACESERIES_c(9670, S_SERIES_SPRINT_CUP, 9671, [], [], 2012, True, None)",CUSTOMGENERICF,129106177
DRIVERCONFIG_c,15783,,15783,0x177BE,15783,None,None,None,None,"DRIVERPIN_c(1733, S_XG_COUNTRY_USA, USA)",None,None,False,AIRACEDRIVERPROFILE_c(3228),"RACESERIES_c(22538, S_SERIES_SPRINT_CUP, 22539, [], [], 2014, False, None)",MISSSPRINTCUP,129106177
DRIVERCONFIG_c,18308,,18308,0x177F1,18308,"DRIVER_c(1084, S_DRIVER_A_ALMIROLA, None, False, True, aric_almirola, 129106177, False, False)","DRIVERNUMBER_c(9698, W:\NAS3\Hud\2012\numbers\43_Almirola.tga, 43_ARICALMIROLA)","RACETEAM_c(1325, S_TEAM_RPM_01, None, RPMotorsports)","LIVERIE_c(18794, DLC_LIV_43_ALMIROLA_2013, BaseColour_c(106, 181, 0), , None, False, False, None, None, False, None, False, 131924504, , -1)","DRIVERPIN_c(1733, S_XG_COUNTRY_USA, USA)","DRIVERINTERIORCONFIG_c(22337, 1, None, None)",DRIVERPORTRAIT_c(7417),False,AIRACEDRIVERPROFILE_c(3355),"RACESERIES_c(18306, S_SERIES_SPRINT_CUP, 18307, [], [], 2013, False, None)",2013_ALMIROLA,129106177
DRIVERCONFIG_c,18309,,18309,0x17824,18309,"DRIVER_c(1096, S_DRIVER_K_BUSCH_02, None, False, True, kylebusch, 131793153, True, True)","DRIVERNUMBER_c(9684, W:\NAS3\Hud\2012\numbers\18_Busch.tga, 18_KYLEBUSCH)","RACETEAM_c(1335, S_TEAM_JGR, None, joegibbsracing)","LIVERIE_c(18778, DLC_LIV_18_BUSCH_2013, BaseColour_c(106, 181, 0), , None, False, False, None, None, False, None, False, 131924504, , -1)","DRIVERPIN_c(1733, S_XG_COUNTRY_USA, USA)","DRIVERINTERIORCONFIG_c(22329, 1, None, None)",DRIVERPORTRAIT_c(7391),False,AIRACEDRIVERPROFILE_c(3242),"RACESERIES_c(18306, S_SERIES_SPRINT_CUP, 18307, [], [], 2013, False, None)",2013_BUSCHKYLE,129106177
DRIVERCONFIG_c,18310,,18310,0x17857,18310,"DRIVER_c(1415, S_DRIVER_S_SPEED, None, False, True, scottspeed, 129106177, False, False)","DRIVERNUMBER_c(9686, W:\NAS3\Hud\2012\numbers\95_Speed.tga, 95_SCOTTSPEED)","RACETEAM_c(8739, S_TEAM_LFR, None, LeavineFamily95)","LIVERIE_c(18808, DLC_LIV_95_SPEED_2013, BaseColour_c(106, 181, 0), , None, True, False, None, None, False, None, False, 131924504, , -1)","DRIVERPIN_c(1733, S_XG_COUNTRY_USA, USA)","DRIVERINTERIORCONFIG_c(22330, 1, None, None)",DRIVERPORTRAIT_c(8992),False,AIRACEDRIVERPROFILE_c(3263),"RACESERIES_c(18306, S_SERIES_SPRINT_CUP, 18307, [], [], 2013, False, None)",2013_SPEED,129106177
DRIVERCONFIG_c,18311,,18311,0x1788A,18311,"DRIVER_c(7175, S_DRIVER_R_STENHOUSE_JR, None, False, True, stenhousejr, 129106177, True, False)","DRIVERNUMBER_c(21869, W:\NAS3\Hud\2012\numbers\17_Stenhouse_jr.tga, 17_STENHOUSEJR)","RACETEAM_c(1331, S_TEAM_RFR, None, roushfenway)","LIVERIE_c(21943, DLC_LIV_17_STENHOUSE_JR_2013, BaseColour_c(106, 181, 0), , None, False, False, None, None, False, None, False, 131924504, , -1)","DRIVERPIN_c(1733, S_XG_COUNTRY_USA, USA)","DRIVERINTERIORCONFIG_c(22337, 1, None, None)",DRIVERPORTRAIT_c(21856),False,AIRACEDRIVERPROFILE_c(12391),"RACESERIES_c(18306, S_SERIES_SPRINT_CUP, 18307, [], [], 2013, False, None)",2013_STENHOUSE,129106177
DRIVERCONFIG_c,18312,,18312,0x178BD,18312,"DRIVER_c(1126, S_DRIVER_J_NEMECHEK, None, False, True, FrontRowJoe87, 129106177, False, False)","DRIVERNUMBER_c(9690, W:\NAS3\Hud\2012\numbers\87_Nemechek.tga, 87_JOENEMECHEK)","RACETEAM_c(1350, S_TEAM_NM, None, )","LIVERIE_c(18805, DLC_LIV_87_NEMECHEK_2013, BaseColour_c(106, 181, 0), , None, True, False, None, None, False, None, False, 131924504, , -1)","DRIVERPIN_c(1733, S_XG_COUNTRY_USA, USA)","DRIVERINTERIORCONFIG_c(22321, 1, None, None)",DRIVERPORTRAIT_c(14614),False,AIRACEDRIVERPROFILE_c(3264),"RACESERIES_c(18306, S_SERIES_SPRINT_CUP, 18307, [], [], 2013, False, None)",2013_NEMECHEK,129106177
DRIVERCONFIG_c,18313,,18313,0x178F0,18313,"DRIVER_c(9666, S_DRIVER_L_CASSILL, None, False, True, landoncassill, 129106177, False, False)","DRIVERNUMBER_c(11440, W:\NAS3\Hud\2012\numbers\83_Cassill.tga, 83_CASSILL)","RACETEAM_c(10518, S_TEAM_BKRACING, None, BKRacing8393)","LIVERIE_c(22872, CAREER_TOYOTA_13, BaseColour_c(235, 235, 235), S_LIV_PRIMARY, None, False, False, None, None, False, None, False, 131924504, , 13)","DRIVERPIN_c(1733, S_XG_COUNTRY_USA, USA)","DRIVERINTERIORCONFIG_c(22324, 1, None, None)",DRIVERPORTRAIT_c(12595),False,AIRACEDRIVERPROFILE_c(3356),"RACESERIES_c(18306, S_SERIES_SPRINT_CUP, 18307, [], [], 2013, False, None)",2013_CASSILL,129106177
DRIVERCONFIG_c,18314,,18314,0x17923,18314,"DRIVER_c(1092, S_DRIVER_C_BOWYER, None, False, True, ClintBowyer, 131727617, False, False)","DRIVERNUMBER_c(9689, W:\NAS3\Hud\2012\numbers\15_Bowyer.tga, 15_CLINTBOWYER)","RACETEAM_c(1354, S_TEAM_MWR, None, MWRteam)","LIVERIE_c(18775, DLC_LIV_15_BOWYER_2013, BaseColour_c(106, 181, 0), , None, False, False, None, None, False, None, False, 131924504, , -1)","DRIVERPIN_c(1733, S_XG_COUNTRY_USA, USA)","DRIVERINTERIORCONFIG_c(22330, 1, None, None)",DRIVERPORTRAIT_c(7412),False,AIRACEDRIVERPROFILE_c(3248),"RACESERIES_c(18306, S_SERIES_SPRINT_CUP, 18307, [], [], 2013, False, None)",2013_BOWYER,129106177
DRIVERCONFIG_c,18315,,18315,0x17956,18315,"DRIVER_c(1115, S_DRIVER_B_KESELOWSKI, None, False, True, keselowski, 131793153, True, False)","DRIVERNUMBER_c(9691, W:\NAS3\Hud\2012\numbers\2_Keselowski.tga, 2_BRADKESELOWSKI)","RACETEAM_c(1336, S_TEAM_PR_01, None, penskeracing)","LIVERIE_c(18769, DLC_LIV_02_KESELOWSKI_2013, BaseColour_c(106, 181, 0), , None, False, False, None, None, False, None, False, 131924504, , -1)","DRIVERPIN_c(1733, S_XG_COUNTRY_USA, USA)","DRIVERINTERIORCONFIG_c(22331, 1, None, None)",DRIVERPORTRAIT_c(7415),False,AIRACEDRIVERPROFILE_c(3237),"RACESERIES_c(18306, S_SERIES_SPRINT_CUP, 18307, [], [], 2013, False, None)",2013_KESELOWSKI,129106177
DRIVERCONFIG_c,18316,,18316,0x17989,18316,"DRIVER_c(1134, S_DRIVER_R_SMITH, None, False, True, ReganSmith, 131793153, False, False)","DRIVERNUMBER_c(21868, W:\NAS3\Hud\2012\numbers\51_Smith.tga, 51_REGANSMITH)","RACETEAM_c(10516, S_TEAM_PHOENIXRACING, None, phoenixracing51)","LIVERIE_c(21946, DLC_LIV_51_SMITH_2013, BaseColour_c(106, 181, 0), , None, True, False, None, None, False, None, False, 131924504, , -1)","DRIVERPIN_c(1733, S_XG_COUNTRY_USA, USA)","DRIVERINTERIORCONFIG_c(22321, 1, None, None)",DRIVERPORTRAIT_c(21855),False,AIRACEDRIVERPROFILE_c(3262),"RACESERIES_c(18306, S_SERIES_SPRINT_CUP, 18307, [], [], 2013, False, None)",2013_SMITHREGAN,129106177
DRIVERCONFIG_c,18317,,18317,0x179BC,18317,"DRIVER_c(1116, S_DRIVER_B_LABONTE, None, False, True, Bobby_Labonte, 129106177, False, False)","DRIVERNUMBER_c(9685, W:\NAS3\Hud\2012\numbers\47_Labonte.tga, 47_BOBBYLABONTE)","RACETEAM_c(1326, S_TEAM_JTGDR, None, NASCAR47)","LIVERIE_c(18795, DLC_LIV_47_LABONTE_2013, BaseColour_c(106, 181, 0), , None, True, False, None, None, False, None, False, 131924504, , -1)","DRIVERPIN_c(1733, S_XG_COUNTRY_USA, USA)","DRIVERINTERIORCONFIG_c(22330, 1, None, None)",DRIVERPORTRAIT_c(7414),False,AIRACEDRIVERPROFILE_c(3375),"RACESERIES_c(18306, S_SERIES_SPRINT_CUP, 18307, [], [], 2013, False, None)",2013_LABONTEBOBBY,129106177
DRIVERCONFIG_c,18318,,18318,0x179EF,18318,"DRIVER_c(1101, S_DRIVER_C_EDWARDS, None, False, True, , 131793153, True, False)","DRIVERNUMBER_c(9701, W:\NAS3\Hud\2012\numbers\99_Edwards.tga, 99_CARLEDWARDS)","RACETEAM_c(1331, S_TEAM_RFR, None, roushfenway)","LIVERIE_c(18810, DLC_LIV_99_EDWARDS_2013, BaseColour_c(106, 181, 0), , None, False, False, None, None, False, None, False, 131924504, , -1)","DRIVERPIN_c(1733, S_XG_COUNTRY_USA, USA)","DRIVERINTERIORCONFIG_c(22337, 1, None, None)",DRIVERPORTRAIT_c(7411),False,AIRACEDRIVERPROFILE_c(3267),"RACESERIES_c(18306, S_SERIES_SPRINT_CUP, 18307, [], [], 2013, False, None)",2013_EDWARDS,129106177
DRIVERCONFIG_c,18319,,18319,0x17A22,18319,"DRIVER_c(1106, S_DRIVER_R_GORDON, None, False, True, RobbyGordon, 129106177, False, False)","DRIVERNUMBER_c(22350, W:\NAS3\Hud\2012\numbers\07_Gordon.tga, 07_GORDON)","RACETEAM_c(7486, S_TEAM_RGM, None, )","LIVERIE_c(18803, DLC_LIV_7_GORDON_2013, BaseColour_c(106, 181, 0), , None, True, False, None, None, False, None, False, 131924504, , -1)","DRIVERPIN_c(1733, S_XG_COUNTRY_USA, USA)","DRIVERINTERIORCONFIG_c(22324, 1, None, None)",DRIVERPORTRAIT_c(22351),False,AIRACEDRIVERPROFILE_c(3234),"RACESERIES_c(18306, S_SERIES_SPRINT_CUP, 18307, [], [], 2013, False, None)",2013_GORDONROBBY,129106177
DRIVERCONFIG_c,18320,,18320,0x17A55,18320,"DRIVER_c(1085, S_DRIVER_M_AMBROSE, None, False, True, MarcosAmbrose, 129106177, True, False)","DRIVERNUMBER_c(9699, W:\NAS3\Hud\2012\numbers\9_Ambrose.tga, 9_MARCOSAMBROSE)","RACETEAM_c(1325, S_TEAM_RPM_01, None, RPMotorsports)","LIVERIE_c(18811, DLC_LIV_9_AMBROSE_2013, BaseColour_c(106, 181, 0), , None, False, False, None, None, False, None, False, 131924504, , -1)","DRIVERPIN_c(1733, S_XG_COUNTRY_USA, USA)","DRIVERINTERIORCONFIG_c(22337, 1, None, None)",DRIVERPORTRAIT_c(7390),False,AIRACEDRIVERPROFILE_c(3256),"RACESERIES_c(18306, S_SERIES_SPRINT_CUP, 18307, [], [], 2013, False, None)",2013_AMBROSE,129106177
DRIVERCONFIG_c,18321,,18321,0x17A88,18321,"DRIVER_c(1091, S_DRIVER_D_BLANEY, None, False, True, BuckeyeBullet10, 129106177, False, False)","DRIVERNUMBER_c(22344, W:\NAS3\Hud\2012\numbers\7_blaney.tga, 7_BLANEY)","RACETEAM_c(1347, S_TEAM_TBR, None, TBR_Racing)","LIVERIE_c(18790, DLC_LIV_36_BLANEY_2013, BaseColour_c(106, 181, 0), , None, True, False, None, None, False, None, False, 131924504, , -1)","DRIVERPIN_c(1733, S_XG_COUNTRY_USA, USA)","DRIVERINTERIORCONFIG_c(22332, 1, None, None)",DRIVERPORTRAIT_c(22345),False,AIRACEDRIVERPROFILE_c(3260),"RACESERIES_c(18306, S_SERIES_SPRINT_CUP, 18307, [], [], 2013, False, None)",2013_BLANEY,129106177
DRIVERCONFIG_c,18322,,18322,0x17ABB,18322,"DRIVER_c(1121, S_DRIVER_J_MCMURRAY, None, False, True, JamieMcMurray, 131727617, True, False)","DRIVERNUMBER_c(9672, W:\NAS3\Hud\2012\numbers\1_McMurray.tga, 1_JAMIEMCMURRAY)","RACETEAM_c(1349, S_TEAM_EGR, None, EGRTeams)","LIVERIE_c(18779, DLC_LIV_1_MCMURRAY_2013, BaseColour_c(106, 181, 0), , None, False, False, None, None, False, None, False, 131924504, , -1)","DRIVERPIN_c(1733, S_XG_COUNTRY_USA, USA)","DRIVERINTERIORCONFIG_c(22326, 1, None, None)",DRIVERPORTRAIT_c(7397),False,AIRACEDRIVERPROFILE_c(3230),"RACESERIES_c(18306, S_SERIES_SPRINT_CUP, 18307, [], [], 2013, False, None)",2013_MCMURRAY,129106177
DRIVERCONFIG_c,18323,,18323,0x17AEE,18323,"DRIVER_c(1090, S_DRIVER_G_BIFFLE, None, False, True, gbiffle, 131727617, False, False)","DRIVERNUMBER_c(9702, W:\NAS3\Hud\2012\numbers\16_Biffle.tga, 16_GREGBIFFLE)","RACETEAM_c(1331, S_TEAM_RFR, None, roushfenway)","LIVERIE_c(18776, DLC_LIV_16_BIFFLE_2013, BaseColour_c(106, 181, 0), , None, False, False, None, None, False, None, False, 131924504, , -1)","DRIVERPIN_c(1733, S_XG_COUNTRY_USA, USA)","DRIVERINTERIORCONFIG_c(22337, 1, None, None)",DRIVERPORTRAIT_c(7403),False,AIRACEDRIVERPROFILE_c(3240),"RACESERIES_c(18306, S_SERIES_SPRINT_CUP, 18307, [], [], 2013, False, None)",2013_BIFFLE,129106177
DRIVERCONFIG_c,18324,,18324,0x17B21,18324,"DRIVER_c(1114, S_DRIVER_M_KENSETH, None, False, True, mattkenseth, 131793153, True, False)","DRIVERNUMBER_c(21849, W:\NAS3\Hud\2012\numbers\20_Kenseth.tga, 20_MATTKENSETH)","RACETEAM_c(1335, S_TEAM_JGR, None, joegibbsracing)","LIVERIE_c(21944, DLC_LIV_20_KENSETH_2013, BaseColour_c(106, 181, 0), , None, False, False, None, None, False, None, False, 131924504, , -1)","DRIVERPIN_c(1733, S_XG_COUNTRY_USA, USA)","DRIVERINTERIORCONFIG_c(22337, 1, None, None)",DRIVERPORTRAIT_c(21850),False,AIRACEDRIVERPROFILE_c(3241),"RACESERIES_c(18306, S_SERIES_SPRINT_CUP, 18307, [], [], 2013, False, None)",2013_KENSETH,131268865
DRIVERCONFIG_c,18325,,18325,0x17B54,18325,"DRIVER_c(1113, S_DRIVER_K_KAHNE, None, False, True, kaseykahne, 131793153, False, False)","DRIVERNUMBER_c(9679, W:\NAS3\Hud\2012\numbers\5_Kahne.tga, 5_KASEYKAHNE)","RACETEAM_c(1340, S_TEAM_HM, None, TeamHendrick)","LIVERIE_c(18800, DLC_LIV_5_KAHNE_2013, BaseColour_c(106, 181, 0), , None, False, False, None, None, False, None, False, 131924504, , -1)","DRIVERPIN_c(1733, S_XG_COUNTRY_USA, USA)","DRIVERINTERIORCONFIG_c(22320, 1, None, None)",DRIVERPORTRAIT_c(7393),False,AIRACEDRIVERPROFILE_c(3235),"RACESERIES_c(18306, S_SERIES_SPRINT_CUP, 18307, [], [], 2013, False, None)",2013_KAHNE,129106177
DRIVERCONFIG_c,18326,,18326,0x17B87,18326,"DRIVER_c(1119, S_DRIVER_M_MARTIN, None, False, True, 55MarkMartin, 131662081, True, True)","DRIVERNUMBER_c(9687, W:\NAS3\Hud\2012\numbers\55_Martin.tga, 55_MARKMARTIN)","RACETEAM_c(1354, S_TEAM_MWR, None, MWRteam)","LIVERIE_c(18798, DLC_LIV_55_MARTIN_2013, BaseColour_c(106, 181, 0), , None, True, False, None, None, False, None, False, 131924504, , -1)","DRIVERPIN_c(1733, S_XG_COUNTRY_USA, USA)","DRIVERINTERIORCONFIG_c(22330, 1, None, None)",DRIVERPORTRAIT_c(7388),False,AIRACEDRIVERPROFILE_c(3232),"RACESERIES_c(18306, S_SERIES_SPRINT_CUP, 18307, [], [], 2013, False, None)",2013_MARTIN,129106177
DRIVERCONFIG_c,18327,,18327,0x17BBA,18327,"DRIVER_c(1109, S_DRIVER_S_HORNISH_JR, None, False, True, SamHornish, 129106177, False, False)","DRIVERNUMBER_c(12592, W:\NAS3\Hud\2012\numbers\22_allmendinger.tga, 12_SAMHORNISHJR)","RACETEAM_c(1336, S_TEAM_PR_01, None, penskeracing)",None,"DRIVERPIN_c(1733, S_XG_COUNTRY_USA, USA)","DRIVERINTERIORCONFIG_c(22339, 1, None, None)",DRIVERPORTRAIT_c(14747),False,AIRACEDRIVERPROFILE_c(13107),"RACESERIES_c(18306, S_SERIES_SPRINT_CUP, 18307, [], [], 2013, False, None)",2013_HORNISHJR,129106177
DRIVERCONFIG_c,18328,,18328,0x17BED,18328,"DRIVER_c(1105, S_DRIVER_J_GORDON, None, False, True, JeffGordonWeb, 131793153, True, True)","DRIVERNUMBER_c(9677, W:\NAS3\Hud\2012\numbers\24_Gordon.tga, 24_JEFFGORDON)","RACETEAM_c(1340, S_TEAM_HM, None, TeamHendrick)","LIVERIE_c(18782, DLC_LIV_24_GORDON_2013, BaseColour_c(106, 181, 0), , None, False, False, None, None, False, None, False, 131924504, , -1)","DRIVERPIN_c(1733, S_XG_COUNTRY_USA, USA)","DRIVERINTERIORCONFIG_c(22320, 1, None, None)",DRIVERPORTRAIT_c(7401),False,AIRACEDRIVERPROFILE_c(3245),"RACESERIES_c(18306, S_SERIES_SPRINT_CUP, 18307, [], [], 2013, False, None)",2013_GORDONJEFF,129106177
DRIVERCONFIG_c,18329,,18329,0x17C20,18329,"DRIVER_c(1400, S_DRIVER_M_MCDOWELL, None, False, True, Mc_Driver, 129106177, False, False)","DRIVERNUMBER_c(11443, W:\NAS3\Hud\2012\numbers\98_McDowell.tga, 98_MCDOWELL)","RACETEAM_c(11444, S_TEAM_PARSONS, None, PPR98)","LIVERIE_c(18809, DLC_LIV_98_MCDOWELL_2013, BaseColour_c(106, 181, 0), , None, True, False, None, None, False, None, False, 131924504, , -1)","DRIVERPIN_c(1733, S_XG_COUNTRY_USA, USA)","DRIVERINTERIORCONFIG_c(22324, 1, None, None)",DRIVERPORTRAIT_c(14746),False,AIRACEDRIVERPROFILE_c(3258),"RACESERIES_c(18306, S_SERIES_SPRINT_CUP, 18307, [], [], 2013, False, None)",2013_MCDOWELL,129106177
DRIVERCONFIG_c,18330,,18330,0x17C53,18330,"DRIVER_c(1104, S_DRIVER_D_GILLILAND, None, False, True, DavidGilliland, 129106177, False, False)","DRIVERNUMBER_c(9675, W:\NAS3\Hud\2012\numbers\38_Gilliland.tga, 38_DAVIDGILLILAND)","RACETEAM_c(1327, S_TEAM_FRM, None, FrontRowNASCAR)","LIVERIE_c(18791, DLC_LIV_38_GILLILAND_2013, BaseColour_c(106, 181, 0), , None, True, False, None, None, False, None, False, 131924504, , -1)","DRIVERPIN_c(1733, S_XG_COUNTRY_USA, USA)","DRIVERINTERIORCONFIG_c(22321, 1, None, None)",DRIVERPORTRAIT_c(7409),False,AIRACEDRIVERPROFILE_c(3252),"RACESERIES_c(18306, S_SERIES_SPRINT_CUP, 18307, [], [], 2013, False, None)",2013_GILLILAND,129106177
DRIVERCONFIG_c,18331,,18331,0x17C86,18331,"DRIVER_c(7174, S_DRIVER_J_WISE, None, False, True, Josh_Wise, 129106177, False, False)","DRIVERNUMBER_c(21941, W:\NAS3\Hud\2012\numbers\35_Wise.tga, 35_JOSHWISE)","RACETEAM_c(1327, S_TEAM_FRM, None, FrontRowNASCAR)","LIVERIE_c(18783, DLC_LIV_26_WISE_2013, BaseColour_c(106, 181, 0), , None, True, False, None, None, False, None, False, 131924504, , -1)","DRIVERPIN_c(1733, S_XG_COUNTRY_USA, USA)","DRIVERINTERIORCONFIG_c(22321, 1, None, None)",DRIVERPORTRAIT_c(21942),False,AIRACEDRIVERPROFILE_c(12392),"RACESERIES_c(18306, S_SERIES_SPRINT_CUP, 18307, [], [], 2013, False, None)",2013_WISE,129106177
DRIVERCONFIG_c,18332,,18332,0x17CB9,18332,"DRIVER_c(1137, S_DRIVER_D_STREMME, None, False, True, DavidStremme, 129106177, False, False)","DRIVERNUMBER_c(12626, W:\NAS3\Hud\2012\numbers\30_Stremme.tga, 30_DAVIDSTREMME)","RACETEAM_c(21845, S_TEAM_SWAN_RACING, None, SwanRacingCo)","LIVERIE_c(18786, DLC_LIV_30_STREMME_2013, BaseColour_c(106, 181, 0), , None, True, False, None, None, False, None, False, 131924504, , -1)","DRIVERPIN_c(1733, S_XG_COUNTRY_USA, USA)","DRIVERINTERIORCONFIG_c(22330, 1, None, None)",DRIVERPORTRAIT_c(21871),False,AIRACEDRIVERPROFILE_c(3359),"RACESERIES_c(18306, S_SERIES_SPRINT_CUP, 18307, [], [], 2013, False, None)",2013_STREMME,129106177
DRIVERCONFIG_c,18333,,18333,0x17CEC,18333,"DRIVER_c(1111, S_DRIVER_J_JOHNSON, None, False, True, JimmieJohnson, 131793153, True, True)","DRIVERNUMBER_c(9678, W:\NAS3\Hud\2012\numbers\48_Johnson.tga, 48_JIMMYJOHNSON)","RACETEAM_c(1340, S_TEAM_HM, None, TeamHendrick)","LIVERIE_c(18796, DLC_LIV_48_JOHNSON_2013, BaseColour_c(106, 181, 0), , None, False, False, None, None, False, None, False, 131924504, , -1)","DRIVERPIN_c(1733, S_XG_COUNTRY_USA, USA)","DRIVERINTERIORCONFIG_c(22322, 1, None, None)",DRIVERPORTRAIT_c(7399),False,AIRACEDRIVERPROFILE_c(3257),"RACESERIES_c(18306, S_SERIES_SPRINT_CUP, 18307, [], [], 2013, False, None)",2013_JOHNSON,131727617
DRIVERCONFIG_c,18334,,18334,0x17D1F,18334,"DRIVER_c(1123, S_DRIVER_P_MENARD, None, False, True, RCR27PMenard, 131793153, False, False)","DRIVERNUMBER_c(9696, W:\NAS3\Hud\2012\numbers\27_Menard.tga, 27_PAULMENARD)","RACETEAM_c(1333, S_TEAM_RCR, None, RCRracing)","LIVERIE_c(18784, DLC_LIV_27_MENARD_2013, BaseColour_c(106, 181, 0), , None, True, False, None, None, False, None, False, 131924504, , -1)","DRIVERPIN_c(1733, S_XG_COUNTRY_USA, USA)","DRIVERINTERIORCONFIG_c(22327, 1, None, None)",DRIVERPORTRAIT_c(7385),False,AIRACEDRIVERPROFILE_c(3266),"RACESERIES_c(18306, S_SERIES_SPRINT_CUP, 18307, [], [], 2013, False, None)",2013_MENARD,129106177
DRIVERCONFIG_c,18335,,18335,0x17D52,18335,"DRIVER_c(2847, S_DRIVER_T_KVAPIL, None, False, True, TravisKvapil, 129106177, False, False)","DRIVERNUMBER_c(12630, W:\NAS3\Hud\2012\numbers\93_Kvapil.tga, 93_KVAPIL)","RACETEAM_c(10518, S_TEAM_BKRACING, None, BKRacing8393)","LIVERIE_c(18807, DLC_LIV_93_KVAPIL_2013, BaseColour_c(106, 181, 0), , None, True, False, None, None, False, None, False, 131924504, , -1)","DRIVERPIN_c(1733, S_XG_COUNTRY_USA, USA)","DRIVERINTERIORCONFIG_c(22324, 1, None, None)",DRIVERPORTRAIT_c(7379),False,AIRACEDRIVERPROFILE_c(3249),"RACESERIES_c(18306, S_SERIES_SPRINT_CUP, 18307, [], [], 2013, False, None)",2013_KVAPIL,129106177
DRIVERCONFIG_c,18336,,18336,0x17D85,18336,"DRIVER_c(5766, S_DRIVER_T_BAYNE, None, False, True, tbayne21, 131793153, False, False)","DRIVERNUMBER_c(9710, W:\NAS3\Hud\2012\numbers\21_Bayne.tga, 21_TREVORBAYNE)","RACETEAM_c(1341, S_TEAM_WBR, None, woodbrothers21)","LIVERIE_c(18781, DLC_LIV_21_BAYNE_2013, BaseColour_c(106, 181, 0), , None, True, False, None, None, False, None, False, 131924504, , -1)","DRIVERPIN_c(1733, S_XG_COUNTRY_USA, USA)","DRIVERINTERIORCONFIG_c(22337, 1, None, None)",DRIVERPORTRAIT_c(7381),False,AIRACEDRIVERPROFILE_c(6921),"RACESERIES_c(18306, S_SERIES_SPRINT_CUP, 18307, [], [], 2013, False, None)",2013_BAYNE,129106177
DRIVERCONFIG_c,18337,,18337,0x17DB8,18337,"DRIVER_c(1136, S_DRIVER_T_STEWART, None, False, True, tonystewart, 131793153, False, True)","DRIVERNUMBER_c(21867, W:\NAS3\Hud\2012\numbers\2013_14_Stewart.tga, 14_TONYSTEWART2013)","RACETEAM_c(1351, S_TEAM_SHR, None, StewartHaasRcng)","LIVERIE_c(18774, DLC_LIV_14_STEWART_2013, BaseColour_c(106, 181, 0), , None, False, False, None, None, False, None, False, 131924504, , -1)","DRIVERPIN_c(1733, S_XG_COUNTRY_USA, USA)","DRIVERINTERIORCONFIG_c(22333, 1, None, None)",DRIVERPORTRAIT_c(21866),False,AIRACEDRIVERPROFILE_c(3239),"RACESERIES_c(18306, S_SERIES_SPRINT_CUP, 18307, [], [], 2013, False, None)",2013_STEWART,131793153
DRIVERCONFIG_c,18338,,18338,0x17DEB,18338,"DRIVER_c(1127, S_DRIVER_R_NEWMAN, None, False, True, RyanJNewman, 131793153, True, False)","DRIVERNUMBER_c(9707, W:\NAS3\Hud\2012\numbers\39_Newman.tga, 39_RYANNEWMAN)","RACETEAM_c(1351, S_TEAM_SHR, None, StewartHaasRcng)","LIVERIE_c(18792, DLC_LIV_39_NEWMAN_2013, BaseColour_c(106, 181, 0), , None, True, False, None, None, False, None, False, 131924504, , -1)","DRIVERPIN_c(1733, S_XG_COUNTRY_USA, USA)","DRIVERINTERIORCONFIG_c(22341, 1, None, None)",DRIVERPORTRAIT_c(7383),False,AIRACEDRIVERPROFILE_c(3253),"RACESERIES_c(18306, S_SERIES_SPRINT_CUP, 18307, [], [], 2013, False, None)",2013_NEWMAN,129106177
DRIVERCONFIG_c,18339,,18339,0x17E1E,18339,"DRIVER_c(1094, S_DRIVER_J_BURTON, None, False, True, RCR31JeffBurton, 129106177, False, False)","DRIVERNUMBER_c(9694, W:\NAS3\Hud\2012\numbers\31_Burton.tga, 31_JEFFBURTON)","RACETEAM_c(1333, S_TEAM_RCR, None, RCRracing)","LIVERIE_c(18787, DLC_LIV_31_BURTON_2013, BaseColour_c(106, 181, 0), , None, True, False, None, None, False, None, False, 131924504, , -1)","DRIVERPIN_c(1733, S_XG_COUNTRY_USA, USA)","DRIVERINTERIORCONFIG_c(22334, 1, None, None)",DRIVERPORTRAIT_c(7402),False,AIRACEDRIVERPROFILE_c(3247),"RACESERIES_c(18306, S_SERIES_SPRINT_CUP, 18307, [], [], 2013, False, None)",2013_BURTON,129106177
DRIVERCONFIG_c,18340,,18340,0x17E51,18340,"DRIVER_c(1108, S_DRIVER_K_HARVICK, None, False, True, KevinHarvick, 131793153, True, True)","DRIVERNUMBER_c(9695, W:\NAS3\Hud\2012\numbers\29_Harvick.tga, 29_KEVINHARVICK)","RACETEAM_c(1333, S_TEAM_RCR, None, RCRracing)","LIVERIE_c(18785, DLC_LIV_29_HARVICK_2013, BaseColour_c(106, 181, 0), , None, True, False, None, None, False, None, False, 131924504, , -1)","DRIVERPIN_c(1733, S_XG_COUNTRY_USA, USA)","DRIVERINTERIORCONFIG_c(22327, 1, None, None)",DRIVERPORTRAIT_c(7394),False,AIRACEDRIVERPROFILE_c(3246),"RACESERIES_c(18306, S_SERIES_SPRINT_CUP, 18307, [], [], 2013, False, None)",2013_HARVICK,129106177
DRIVERCONFIG_c,18341,,18341,0x17E84,18341,"DRIVER_c(9663, S_DRIVER_A_DILLON, None, False, True, austindillon3, 129106177, False, False)","DRIVERNUMBER_c(18296, W:\NAS3\Hud\2012\numbers\33_Dillon.tga, 33_AUSTINDILLON)","RACETEAM_c(1333, S_TEAM_RCR, None, RCRracing)","LIVERIE_c(18788, DLC_LIV_33_DILLON_2013, BaseColour_c(106, 181, 0), , None, True, False, None, None, False, None, False, 131924504, , -1)","DRIVERPIN_c(1733, S_XG_COUNTRY_USA, USA)","DRIVERINTERIORCONFIG_c(22330, 1, None, None)",DRIVERPORTRAIT_c(18295),False,AIRACEDRIVERPROFILE_c(18354),"RACESERIES_c(18306, S_SERIES_SPRINT_CUP, 18307, [], [], 2013, False, None)",2013_DILLON,129106177
DRIVERCONFIG_c,18342,,18342,0x17EB7,18342,"DRIVER_c(5758, S_DRIVER_D_PATRICK, None, False, False, DanicaPatrick, 129106177, True, False)","DRIVERNUMBER_c(9705, W:\NAS3\Hud\2012\numbers\10_Patrick.tga, 10_DANICAPATRICK)","RACETEAM_c(1351, S_TEAM_SHR, None, StewartHaasRcng)","LIVERIE_c(18770, DLC_LIV_10_PATRICK_2013, BaseColour_c(106, 181, 0), , None, False, False, None, None, False, None, False, 131924504, , -1)","DRIVERPIN_c(1733, S_XG_COUNTRY_USA, USA)","DRIVERINTERIORCONFIG_c(22319, 1, None, None)",DRIVERPORTRAIT_c(7407),False,AIRACEDRIVERPROFILE_c(6922),"RACESERIES_c(18306, S_SERIES_SPRINT_CUP, 18307, [], [], 2013, False, None)",2013_PATRICK,129106177
DRIVERCONFIG_c,18343,,18343,0x17EEA,18343,"DRIVER_c(1138, S_DRIVER_M_TRUEX_JR, None, False, True, MartinTruexJr56, 129106177, False, False)","DRIVERNUMBER_c(9688, W:\NAS3\Hud\2012\numbers\56_Truex_Jr.tga, 56_MARTINTRUEXJR)","RACETEAM_c(1354, S_TEAM_MWR, None, MWRteam)","LIVERIE_c(18799, DLC_LIV_56_TRUEX_JR_2013, BaseColour_c(106, 181, 0), , None, True, False, None, None, False, None, False, 131924504, , -1)","DRIVERPIN_c(1733, S_XG_COUNTRY_USA, USA)","DRIVERINTERIORCONFIG_c(22330, 1, None, None)",DRIVERPORTRAIT_c(7387),False,AIRACEDRIVERPROFILE_c(3259),"RACESERIES_c(18306, S_SERIES_SPRINT_CUP, 18307, [], [], 2013, False, None)",2013_TRUEXMARTIN,129106177
DRIVERCONFIG_c,18344,,18344,0x17F1D,18344,"DRIVER_c(1125, S_DRIVER_J_MONTOYA, None, False, True, JPMontoya, 131727617, False, False)","DRIVERNUMBER_c(9673, W:\NAS3\Hud\2012\numbers\42_Montoya.tga, 42_JUANPABLOMONTOYA)","RACETEAM_c(1349, S_TEAM_EGR, None, EGRTeams)","LIVERIE_c(18793, DLC_LIV_42_MONTOYA_2013, BaseColour_c(106, 181, 0), , None, True, False, None, None, False, None, False, 131924504, , -1)","DRIVERPIN_c(1733, S_XG_COUNTRY_USA, USA)","DRIVERINTERIORCONFIG_c(22342, 1, None, None)",DRIVERPORTRAIT_c(7396),False,AIRACEDRIVERPROFILE_c(3254),"RACESERIES_c(18306, S_SERIES_SPRINT_CUP, 18307, [], [], 2013, False, None)",2013_MONTOYA,129106177
DRIVERCONFIG_c,18345,,18345,0x17F50,18345,"DRIVER_c(1095, S_DRIVER_K_BUSCH_01, None, False, True, kurtbusch, 131793153, True, True)","DRIVERNUMBER_c(9676, W:\NAS3\Hud\2012\numbers\78_Smith.tga, 78_REGANSMITH)","RACETEAM_c(1355, S_TEAM_FRR, None, FR78Racing)","LIVERIE_c(21948, DLC_LIV_78_BUSCH_2013, BaseColour_c(106, 181, 0), , None, True, False, None, None, False, None, False, 131924504, , -1)","DRIVERPIN_c(1733, S_XG_COUNTRY_USA, USA)","DRIVERINTERIORCONFIG_c(22324, 1, None, None)",DRIVERPORTRAIT_c(21851),False,AIRACEDRIVERPROFILE_c(3231),"RACESERIES_c(18306, S_SERIES_SPRINT_CUP, 18307, [], [], 2013, False, None)",2013_BUSCHKURT,131334401
DRIVERCONFIG_c,18346,,18346,0x17F83,18346,"DRIVER_c(1117, S_DRIVER_J_LOGANO, None, False, True, joeylogano, 129106177, True, False)","DRIVERNUMBER_c(22343, W:\NAS3\Hud\2012\numbers\22_Allmendinger.tga, 22_JOEYLOGANO)","RACETEAM_c(1336, S_TEAM_PR_01, None, penskeracing)","LIVERIE_c(21945, DLC_LIV_22_LOGANO_2013, BaseColour_c(106, 181, 0), , None, False, False, None, None, False, None, False, 131924504, , -1)","DRIVERPIN_c(1733, S_XG_COUNTRY_USA, USA)","DRIVERINTERIORCONFIG_c(22331, 1, None, None)",DRIVERPORTRAIT_c(21844),False,AIRACEDRIVERPROFILE_c(3244),"RACESERIES_c(18306, S_SERIES_SPRINT_CUP, 18307, [], [], 2013, False, None)",2013_LOGANO,129106177
DRIVERCONFIG_c,18347,,18347,0x17FB6,18347,"DRIVER_c(1107, S_DRIVER_D_HAMLIN, None, False, True, dennyhamlin, 131793153, True, True)","DRIVERNUMBER_c(9682, W:\NAS3\Hud\2012\numbers\11_Hamlin.tga, 11_DENNYHAMLIN)","RACETEAM_c(1335, S_TEAM_JGR, None, joegibbsracing)","LIVERIE_c(18771, DLC_LIV_11_HAMLIN_2013, BaseColour_c(106, 181, 0), , None, False, False, None, None, False, None, False, 131924504, , -1)","DRIVERPIN_c(1733, S_XG_COUNTRY_USA, USA)","DRIVERINTERIORCONFIG_c(22340, 1, None, None)",DRIVERPORTRAIT_c(7408),False,AIRACEDRIVERPROFILE_c(3236),"RACESERIES_c(18306, S_SERIES_SPRINT_CUP, 18307, [], [], 2013, False, None)",2013_HAMLIN,129106177
DRIVERCONFIG_c,18348,,18348,0x17FE9,18348,"DRIVER_c(1124, S_DRIVER_C_MEARS, None, False, True, CaseyMears13, 129106177, False, False)","DRIVERNUMBER_c(9711, W:\NAS3\Hud\2012\numbers\13_Mears.tga, 13_CASEYMEARS)","RACETEAM_c(2405, S_TEAM_CUSTOM_FORD, None, )","LIVERIE_c(18773, DLC_LIV_13_MEARS_2013, BaseColour_c(106, 181, 0), , None, True, False, None, None, False, None, False, 131924504, , -1)","DRIVERPIN_c(1733, S_XG_COUNTRY_USA, USA)","DRIVERINTERIORCONFIG_c(22330, 1, None, None)",DRIVERPORTRAIT_c(14613),False,AIRACEDRIVERPROFILE_c(3365),"RACESERIES_c(18306, S_SERIES_SPRINT_CUP, 18307, [], [], 2013, False, None)",2013_MEARS,129106177
DRIVERCONFIG_c,18349,,18349,0x1801C,18349,"DRIVER_c(1100, S_DRIVER_D_EARNHARDT_JR, None, False, True, DaleJr, 129106177, True, True)","DRIVERNUMBER_c(9681, W:\NAS3\Hud\2012\numbers\88_Earnhardt_Jr.tga, 88_DALEEARNHARDTJR)","RACETEAM_c(1340, S_TEAM_HM, None, TeamHendrick)","LIVERIE_c(18806, DLC_LIV_88_EARNHARDT_JR_2013, BaseColour_c(106, 181, 0), , None, False, False, None, None, False, None, False, 131924504, , -1)","DRIVERPIN_c(1733, S_XG_COUNTRY_USA, USA)","DRIVERINTERIORCONFIG_c(22315, 1, None, None)",DRIVERPORTRAIT_c(7410),False,AIRACEDRIVERPROFILE_c(3265),"RACESERIES_c(18306, S_SERIES_SPRINT_CUP, 18307, [], [], 2013, False, None)",2013_EARNHARDT,129106177
DRIVERCONFIG_c,18350,,18350,0x1804F,18350,"DRIVER_c(1129, S_DRIVER_D_RAGAN, None, False, True, DavidRagan, 131793153, False, False)","DRIVERNUMBER_c(9674, W:\NAS3\Hud\2012\numbers\34_Ragan.tga, 34_DAVIDRAGAN)","RACETEAM_c(1327, S_TEAM_FRM, None, FrontRowNASCAR)","LIVERIE_c(18789, DLC_LIV_34_RAGAN_2013, BaseColour_c(106, 181, 0), , None, False, False, None, None, False, None, False, 131924504, , -1)","DRIVERPIN_c(1733, S_XG_COUNTRY_USA, USA)","DRIVERINTERIORCONFIG_c(22321, 1, None, None)",DRIVERPORTRAIT_c(7406),False,AIRACEDRIVERPROFILE_c(3233),"RACESERIES_c(18306, S_SERIES_SPRINT_CUP, 18307, [], [], 2013, False, None)",2013_RAGAN,129106177
DRIVERCONFIG_c,21847,,21847,0x18082,21847,"DRIVER_c(21846, S_DRIVER_T_PASTRANA, None, False, True, , 129106177, False, False)","DRIVERNUMBER_c(9704, W:\NAS3\Hud\2012\numbers\6_Stenhouse_Jr.tga, 6_RICKYSTENHOUSEJR)","RACETEAM_c(1331, S_TEAM_RFR, None, roushfenway)","LIVERIE_c(21947, DLC_LIV_6_PASTRANA_2013, BaseColour_c(106, 181, 0), , None, True, False, None, None, False, None, False, 131924504, , -1)","DRIVERPIN_c(1733, S_XG_COUNTRY_USA, USA)","DRIVERINTERIORCONFIG_c(22337, 1, None, None)",DRIVERPORTRAIT_c(21859),False,AIRACEDRIVERPROFILE_c(12391),"RACESERIES_c(18306, S_SERIES_SPRINT_CUP, 18307, [], [], 2013, False, None)",2013_PASTRANA,129106177
DRIVERCONFIG_c,21873,,21873,0x180B5,21873,"DRIVER_c(1131, S_DRIVER_D_REUTIMANN, None, False, True, , 131727617, False, False)","DRIVERNUMBER_c(11440, W:\NAS3\Hud\2012\numbers\83_Cassill.tga, 83_CASSILL)","RACETEAM_c(10518, S_TEAM_BKRACING, None, BKRacing8393)","LIVERIE_c(21949, DLC_LIV_83_REUTIMANN_2013, BaseColour_c(106, 181, 0), , None, True, False, None, None, False, None, False, 131924504, , -1)","DRIVERPIN_c(1733, S_XG_COUNTRY_USA, USA)","DRIVERINTERIORCONFIG_c(22324, 1, None, None)",DRIVERPORTRAIT_c(21872),False,AIRACEDRIVERPROFILE_c(3356),"RACESERIES_c(18306, S_SERIES_SPRINT_CUP, 18307, [], [], 2013, False, None)",2013_REUTIMANN,129106177
DRIVERCONFIG_c,22361,,22361,0x180E8,22361,"DRIVER_c(2491, S_DEFAULT_PLAYER_NAME, None, True, True, , 129106177, False, False)","DRIVERNUMBER_c(2493, W:\NAS3\Hud\NEW\numbers\53-CHEVROLET_01.tga, 35_CUSTOMGENERIC)","RACETEAM_c(2495, S_DEFAULT_TEAM_NAME, None, )","LIVERIE_c(12602, TELEMETRYCHEVROLET, BaseColour_c(0, 0, 180), S_LIV_PRIMARY, None, False, False, None, None, False, None, False, 131858689, , -1)","DRIVERPIN_c(1733, S_XG_COUNTRY_USA, USA)","DRIVERINTERIORCONFIG_c(22330, 1, None, None)",DRIVERPORTRAIT_c(7485),True,AIRACEDRIVERPROFILE_c(3228),"RACESERIES_c(18306, S_SERIES_SPRINT_CUP, 18307, [], [], 2013, False, None)",CUSTOMGENERIC2013,129106177
DRIVERCONFIG_c,22362,,22362,0x1811B,22362,None,None,None,None,"DRIVERPIN_c(1733, S_XG_COUNTRY_USA, USA)",None,None,False,AIRACEDRIVERPROFILE_c(3228),"RACESERIES_c(18306, S_SERIES_SPRINT_CUP, 18307, [], [], 2013, False, None)",CUSTOMGENERICF2013,129106177
DRIVERCONFIG_c,22502,,22502,0x1814E,22502,"DRIVER_c(1105, S_DRIVER_J_GORDON, None, False, True, JeffGordonWeb, 131793153, True, True)","DRIVERNUMBER_c(23069, W:\NAS3\Hud\2014\numbers\24_Gordon.tga, 24_JEFFGORDON2014)","RACETEAM_c(1340, S_TEAM_HM, None, TeamHendrick)","LIVERIE_c(22909, 14_24_GORDON_PRIMARY, BaseColour_c(0, 0, 180), , None, False, False, None, None, False, None, False, 131990039, , -1)","DRIVERPIN_c(1733, S_XG_COUNTRY_USA, USA)","DRIVERINTERIORCONFIG_c(22320, 1, None, None)",DRIVERPORTRAIT_c(7401),True,AIRACEDRIVERPROFILE_c(3245),"RACESERIES_c(22538, S_SERIES_SPRINT_CUP, 22539, [], [], 2014, False, None)",2014_GORDONJEFF,129106177
DRIVERCONFIG_c,22503,,22503,0x18181,22503,"DRIVER_c(1090, S_DRIVER_G_BIFFLE, None, False, True, gbiffle, 131727617, False, False)","DRIVERNUMBER_c(23059, W:\NAS3\Hud\2014\numbers\16_Biffle.tga, 16_GREGBIFFLE2014)","RACETEAM_c(1331, S_TEAM_RFR, None, roushfenway)","LIVERIE_c(22908, 14_16_BIFFLE_PRIMARY, BaseColour_c(0, 0, 180), , None, False, False, None, None, False, None, False, 131990039, , -1)","DRIVERPIN_c(1733, S_XG_COUNTRY_USA, USA)","DRIVERINTERIORCONFIG_c(22337, 1, None, None)",DRIVERPORTRAIT_c(7403),True,AIRACEDRIVERPROFILE_c(3240),"RACESERIES_c(22538, S_SERIES_SPRINT_CUP, 22539, [], [], 2014, False, None)",2014_BIFFLE,129106177
DRIVERCONFIG_c,22504,,22504,0x181B4,22504,"DRIVER_c(1084, S_DRIVER_A_ALMIROLA, None, False, True, aric_almirola, 129106177, False, False)","DRIVERNUMBER_c(23084, W:\NAS3\Hud\2014\numbers\43_Almirola.tga, 43_ARICALMIROLA2014)","RACETEAM_c(1325, S_TEAM_RPM_01, None, RPMotorsports)","LIVERIE_c(22913, 14_43_ALMIROLA_SECONDARY, BaseColour_c(0, 0, 180), , None, False, False, None, None, False, None, False, 131990039, , -1)","DRIVERPIN_c(1733, S_XG_COUNTRY_USA, USA)","DRIVERINTERIORCONFIG_c(22337, 1, None, None)",DRIVERPORTRAIT_c(7417),True,AIRACEDRIVERPROFILE_c(3355),"RACESERIES_c(22538, S_SERIES_SPRINT_CUP, 22539, [], [], 2014, False, None)",2014_ALMIROLA,129106177
DRIVERCONFIG_c,22505,,22505,0x181E7,22505,"DRIVER_c(7174, S_DRIVER_J_WISE, None, False, True, Josh_Wise, 129106177, False, False)","DRIVERNUMBER_c(23198, W:\NAS3\Hud\2014\numbers\98_Wise.tga, 98_JOSHWISE2014)","RACETEAM_c(11444, S_TEAM_PARSONS, None, PPR98)","LIVERIE_c(23201, 14_98_WISE_PRIMARY, BaseColour_c(0, 0, 180), , None, False, False, None, None, False, None, False, 131990039, , -1)","DRIVERPIN_c(1733, S_XG_COUNTRY_USA, USA)","DRIVERINTERIORCONFIG_c(22321, 1, None, None)",DRIVERPORTRAIT_c(21942),True,AIRACEDRIVERPROFILE_c(12392),"RACESERIES_c(22538, S_SERIES_SPRINT_CUP, 22539, [], [], 2014, False, None)",2014_WISE,129106177
DRIVERCONFIG_c,22506,,22506,0x1821A,22506,"DRIVER_c(1095, S_DRIVER_K_BUSCH_01, None, False, True, kurtbusch, 131793153, True, True)","DRIVERNUMBER_c(23082, W:\NAS3\Hud\2014\numbers\41_kurt_busch.tga, 41_KURTBUSCH2014)","RACETEAM_c(1351, S_TEAM_SHR, None, StewartHaasRcng)","LIVERIE_c(23106, 14_41_BUSCH_PRIMARY, BaseColour_c(0, 0, 180), , None, False, False, None, None, False, None, False, 131990039, , -1)","DRIVERPIN_c(1733, S_XG_COUNTRY_USA, USA)","DRIVERINTERIORCONFIG_c(22324, 1, None, None)",DRIVERPORTRAIT_c(21851),True,AIRACEDRIVERPROFILE_c(3231),"RACESERIES_c(22538, S_SERIES_SPRINT_CUP, 22539, [], [], 2014, False, None)",2014_BUSCHKURT,131334401
DRIVERCONFIG_c,22507,,22507,0x1824D,22507,"DRIVER_c(1127, S_DRIVER_R_NEWMAN, None, False, True, RyanJNewman, 131793153, True, False)","DRIVERNUMBER_c(23072, W:\NAS3\Hud\2014\numbers\31_Newman.tga, 31_RYANNEWMAN2014)","RACETEAM_c(1333, S_TEAM_RCR, None, RCRracing)","LIVERIE_c(23104, 14_31_NEWMAN_PRIMARY, BaseColour_c(0, 0, 180), , None, False, False, None, None, False, None, False, 131990039, , -1)","DRIVERPIN_c(1733, S_XG_COUNTRY_USA, USA)","DRIVERINTERIORCONFIG_c(22341, 1, None, None)",DRIVERPORTRAIT_c(7383),True,AIRACEDRIVERPROFILE_c(3253),"RACESERIES_c(22538, S_SERIES_SPRINT_CUP, 22539, [], [], 2014, False, None)",2014_NEWMAN,129106177
DRIVERCONFIG_c,22508,,22508,0x18280,22508,"DRIVER_c(1092, S_DRIVER_C_BOWYER, None, False, True, ClintBowyer, 131727617, False, False)","DRIVERNUMBER_c(23058, W:\NAS3\Hud\2014\numbers\15_Bowyer.tga, 15_CLINTBOWYER2014)","RACETEAM_c(1354, S_TEAM_MWR, None, MWRteam)","LIVERIE_c(23117, 14_15_BOWYER_PRIMARY, BaseColour_c(0, 0, 180), , None, False, False, None, None, False, None, False, 131990039, , -1)","DRIVERPIN_c(1733, S_XG_COUNTRY_USA, USA)","DRIVERINTERIORCONFIG_c(22330, 1, None, None)",DRIVERPORTRAIT_c(7412),True,AIRACEDRIVERPROFILE_c(3248),"RACESERIES_c(22538, S_SERIES_SPRINT_CUP, 22539, [], [], 2014, False, None)",2014_BOWYER,129106177
DRIVERCONFIG_c,22509,,22509,0x182B3,22509,"DRIVER_c(1114, S_DRIVER_M_KENSETH, None, False, True, mattkenseth, 131793153, True, False)","DRIVERNUMBER_c(23066, W:\NAS3\Hud\2014\numbers\20_Kenseth.tga, 20_MATTKENSETH2014)","RACETEAM_c(1335, S_TEAM_JGR, None, joegibbsracing)","LIVERIE_c(23105, 14_20_KENSETH_PRIMARY, BaseColour_c(0, 0, 180), , None, False, False, None, None, False, None, False, 131990039, , -1)","DRIVERPIN_c(1733, S_XG_COUNTRY_USA, USA)","DRIVERINTERIORCONFIG_c(22337, 1, None, None)",DRIVERPORTRAIT_c(21850),True,AIRACEDRIVERPROFILE_c(3241),"RACESERIES_c(22538, S_SERIES_SPRINT_CUP, 22539, [], [], 2014, False, None)",2014_KENSETH,131268865
DRIVERCONFIG_c,22510,,22510,0x182E6,22510,"DRIVER_c(1104, S_DRIVER_D_GILLILAND, None, False, True, DavidGilliland, 129106177, False, False)","DRIVERNUMBER_c(23080, W:\NAS3\Hud\2014\numbers\38_Gilliland.tga, 38_DAVIDGILLILAND2014)","RACETEAM_c(1327, S_TEAM_FRM, None, FrontRowNASCAR)","LIVERIE_c(22912, 14_38_GILLILAND_PRIMARY, BaseColour_c(0, 0, 180), , None, False, False, None, None, False, None, False, 131990039, , -1)","DRIVERPIN_c(1733, S_XG_COUNTRY_USA, USA)","DRIVERINTERIORCONFIG_c(22321, 1, None, None)",DRIVERPORTRAIT_c(7409),True,AIRACEDRIVERPROFILE_c(3252),"RACESERIES_c(22538, S_SERIES_SPRINT_CUP, 22539, [], [], 2014, False, None)",2014_GILLILAND,129106177
DRIVERCONFIG_c,22511,,22511,0x18319,22511,"DRIVER_c(1117, S_DRIVER_J_LOGANO, None, False, True, joeylogano, 129106177, True, False)","DRIVERNUMBER_c(23068, W:\NAS3\Hud\2014\numbers\22_Logano.tga, 22_JOEYLOGANO2014)","RACETEAM_c(1336, S_TEAM_PR_01, None, penskeracing)","LIVERIE_c(23109, 14_22_LOGANO_PRIMARY, BaseColour_c(0, 0, 180), , None, False, False, None, None, False, None, False, 131990039, , -1)","DRIVERPIN_c(1733, S_XG_COUNTRY_USA, USA)","DRIVERINTERIORCONFIG_c(22331, 1, None, None)",DRIVERPORTRAIT_c(21844),True,AIRACEDRIVERPROFILE_c(3244),"RACESERIES_c(22538, S_SERIES_SPRINT_CUP, 22539, [], [], 2014, False, None)",2014_LOGANO,129106177
DRIVERCONFIG_c,22512,,22512,0x1834C,22512,"DRIVER_c(1136, S_DRIVER_T_STEWART, None, False, True, tonystewart, 131793153, False, True)","DRIVERNUMBER_c(23057, W:\NAS3\Hud\2014\numbers\14_Stewart.tga, 14_TONYSTEWART2014)","RACETEAM_c(1351, S_TEAM_SHR, None, StewartHaasRcng)","LIVERIE_c(22907, 14_14_STEWART_PRIMARY, BaseColour_c(0, 0, 180), , None, False, False, None, None, False, None, False, 131990039, , -1)","DRIVERPIN_c(1733, S_XG_COUNTRY_USA, USA)","DRIVERINTERIORCONFIG_c(22333, 1, None, None)",DRIVERPORTRAIT_c(21866),True,AIRACEDRIVERPROFILE_c(3239),"RACESERIES_c(22538, S_SERIES_SPRINT_CUP, 22539, [], [], 2014, False, None)",2014_STEWART,131793153
DRIVERCONFIG_c,22513,,22513,0x1837F,22513,"DRIVER_c(1094, S_DRIVER_J_BURTON, None, False, True, RCR31JeffBurton, 129106177, False, False)","DRIVERNUMBER_c(9694, W:\NAS3\Hud\2012\numbers\31_Burton.tga, 31_JEFFBURTON)","RACETEAM_c(21845, S_TEAM_SWAN_RACING, None, SwanRacingCo)","LIVERIE_c(18787, DLC_LIV_31_BURTON_2013, BaseColour_c(106, 181, 0), , None, True, False, None, None, False, None, False, 131924504, , -1)","DRIVERPIN_c(1733, S_XG_COUNTRY_USA, USA)","DRIVERINTERIORCONFIG_c(22334, 1, None, None)",DRIVERPORTRAIT_c(7402),False,AIRACEDRIVERPROFILE_c(3247),"RACESERIES_c(22538, S_SERIES_SPRINT_CUP, 22539, [], [], 2014, False, None)",2014_BURTON,129106177
DRIVERCONFIG_c,22514,,22514,0x183B2,22514,"DRIVER_c(1115, S_DRIVER_B_KESELOWSKI, None, False, True, keselowski, 131793153, True, False)","DRIVERNUMBER_c(23071, W:\NAS3\Hud\2014\numbers\2_Keselowski.tga, 2_BRADKESELOWSKI2014)","RACETEAM_c(1336, S_TEAM_PR_01, None, penskeracing)","LIVERIE_c(24660, 14_2_BRAD_KESELOWSKI_SECONDARY, BaseColour_c(0, 0, 180), , None, False, False, None, None, False, None, False, 131990039, , -1)","DRIVERPIN_c(1733, S_XG_COUNTRY_USA, USA)","DRIVERINTERIORCONFIG_c(22331, 1, None, None)",DRIVERPORTRAIT_c(7415),True,AIRACEDRIVERPROFILE_c(3237),"RACESERIES_c(22538, S_SERIES_SPRINT_CUP, 22539, [], [], 2014, False, None)",2014_KESELOWSKI,129106177
DRIVERCONFIG_c,22515,,22515,0x183E5,22515,"DRIVER_c(1138, S_DRIVER_M_TRUEX_JR, None, False, True, MartinTruexJr56, 129106177, False, False)","DRIVERNUMBER_c(23090, W:\NAS3\Hud\2014\numbers\78_Truex_jr.tga, 78_MARTINTRUEXJR2014)","RACETEAM_c(1355, S_TEAM_FRR, None, FR78Racing)","LIVERIE_c(22990, 14_78_TRUEX_JR_PRIMARY, BaseColour_c(0, 0, 180), , None, False, False, None, None, False, None, False, 131990039, , -1)","DRIVERPIN_c(1733, S_XG_COUNTRY_USA, USA)","DRIVERINTERIORCONFIG_c(22330, 1, None, None)",DRIVERPORTRAIT_c(7387),True,AIRACEDRIVERPROFILE_c(3259),"RACESERIES_c(22538, S_SERIES_SPRINT_CUP, 22539, [], [], 2014, False, None)",2014_TRUEXMARTIN,129106177
DRIVERCONFIG_c,22516,,22516,0x18418,22516,"DRIVER_c(1108, S_DRIVER_K_HARVICK, None, False, True, KevinHarvick, 131793153, True, True)","DRIVERNUMBER_c(23087, W:\NAS3\Hud\2014\numbers\4_Harvick.tga, 4_KEVINHARVICK2014)","RACETEAM_c(1351, S_TEAM_SHR, None, StewartHaasRcng)","LIVERIE_c(22988, 14_4_HARVICK_PRIMARY, BaseColour_c(0, 0, 180), , None, False, False, None, None, False, None, False, 131990039, , -1)","DRIVERPIN_c(1733, S_XG_COUNTRY_USA, USA)","DRIVERINTERIORCONFIG_c(22327, 1, None, None)",DRIVERPORTRAIT_c(7394),True,AIRACEDRIVERPROFILE_c(3246),"RACESERIES_c(22538, S_SERIES_SPRINT_CUP, 22539, [], [], 2014, False, None)",2014_HARVICK,129106177
DRIVERCONFIG_c,22517,,22517,0x1844B,22517,"DRIVER_c(1091, S_DRIVER_D_BLANEY, None, False, True, BuckeyeBullet10, 129106177, False, False)","DRIVERNUMBER_c(22344, W:\NAS3\Hud\2012\numbers\7_blaney.tga, 7_BLANEY)","RACETEAM_c(1347, S_TEAM_TBR, None, TBR_Racing)","LIVERIE_c(18790, DLC_LIV_36_BLANEY_2013, BaseColour_c(106, 181, 0), , None, True, False, None, None, False, None, False, 131924504, , -1)","DRIVERPIN_c(1733, S_XG_COUNTRY_USA, USA)","DRIVERINTERIORCONFIG_c(22332, 1, None, None)",DRIVERPORTRAIT_c(22345),False,AIRACEDRIVERPROFILE_c(3260),"RACESERIES_c(22538, S_SERIES_SPRINT_CUP, 22539, [], [], 2014, False, None)",2014_BLANEY,129106177
DRIVERCONFIG_c,22518,,22518,0x1847E,22518,"DRIVER_c(1129, S_DRIVER_D_RAGAN, None, False, True, DavidRagan, 131793153, False, False)","DRIVERNUMBER_c(23074, W:\NAS3\Hud\2014\numbers\34_Ragan.tga, 34_DAVIDRAGAN2014)","RACETEAM_c(1327, S_TEAM_FRM, None, FrontRowNASCAR)","LIVERIE_c(22910, 14_34_RAGAN_PRIMARY, BaseColour_c(0, 0, 180), , None, False, False, None, None, False, None, False, 131990039, , -1)","DRIVERPIN_c(1733, S_XG_COUNTRY_USA, USA)","DRIVERINTERIORCONFIG_c(22321, 1, None, None)",DRIVERPORTRAIT_c(7406),True,AIRACEDRIVERPROFILE_c(3233),"RACESERIES_c(22538, S_SERIES_SPRINT_CUP, 22539, [], [], 2014, False, None)",2014_RAGAN,129106177
DRIVERCONFIG_c,22519,,22519,0x184B1,22519,"DRIVER_c(5758, S_DRIVER_D_PATRICK, None, False, False, DanicaPatrick, 129106177, True, False)","DRIVERNUMBER_c(23053, W:\NAS3\Hud\2014\numbers\10_Patrick.tga, 10_DANICAPATRICK2014)","RACETEAM_c(1351, S_TEAM_SHR, None, StewartHaasRcng)","LIVERIE_c(23108, 14_10_PATRICK_PRIMARY, BaseColour_c(0, 0, 180), , None, False, False, None, None, False, None, False, 131990039, , -1)","DRIVERPIN_c(1733, S_XG_COUNTRY_USA, USA)","DRIVERINTERIORCONFIG_c(22319, 1, None, None)",DRIVERPORTRAIT_c(7407),True,AIRACEDRIVERPROFILE_c(6922),"RACESERIES_c(22538, S_SERIES_SPRINT_CUP, 22539, [], [], 2014, False, None)",2014_PATRICK,129106177
DRIVERCONFIG_c,22520,,22520,0x184E4,22520,"DRIVER_c(1107, S_DRIVER_D_HAMLIN, None, False, True, dennyhamlin, 131793153, True, True)","DRIVERNUMBER_c(23054, W:\NAS3\Hud\2014\numbers\11_Hamlin.tga, 11_DENNYHAMLIN2014)","RACETEAM_c(1335, S_TEAM_JGR, None, joegibbsracing)","LIVERIE_c(22927, 14_11_HAMLIN_PRIMARY, BaseColour_c(0, 0, 180), , None, False, False, None, None, False, None, False, 131990039, , -1)","DRIVERPIN_c(1733, S_XG_COUNTRY_USA, USA)","DRIVERINTERIORCONFIG_c(22340, 1, None, None)",DRIVERPORTRAIT_c(7408),True,AIRACEDRIVERPROFILE_c(3236),"RACESERIES_c(22538, S_SERIES_SPRINT_CUP, 22539, [], [], 2014, False, None)",2014_HAMLIN,129106177
DRIVERCONFIG_c,22521,,22521,0x18517,22521,"DRIVER_c(1085, S_DRIVER_M_AMBROSE, None, False, True, MarcosAmbrose, 129106177, True, False)","DRIVERNUMBER_c(23098, W:\NAS3\Hud\2014\numbers\9_Ambrose.tga, 9_MARCOSAMBROSE2014)","RACETEAM_c(1325, S_TEAM_RPM_01, None, RPMotorsports)","LIVERIE_c(22989, 14_9_AMBROSE_PRIMARY, BaseColour_c(0, 0, 180), , None, False, False, None, None, False, None, False, 131990039, , -1)","DRIVERPIN_c(1733, S_XG_COUNTRY_USA, USA)","DRIVERINTERIORCONFIG_c(22337, 1, None, None)",DRIVERPORTRAIT_c(7390),True,AIRACEDRIVERPROFILE_c(3256),"RACESERIES_c(22538, S_SERIES_SPRINT_CUP, 22539, [], [], 2014, False, None)",2014_AMBROSE,129106177
DRIVERCONFIG_c,22522,,22522,0x1854A,22522,"DRIVER_c(1124, S_DRIVER_C_MEARS, None, False, True, CaseyMears13, 129106177, False, False)","DRIVERNUMBER_c(23055, W:\NAS3\Hud\2014\numbers\13_Mears.tga, 13_CASEYMEARS2014)","RACETEAM_c(1352, S_TEAM_GR, None, GermainRacing)","LIVERIE_c(23116, 14_13_MEARS_PRIMARY, BaseColour_c(0, 0, 180), , None, False, False, None, None, False, None, False, 131990039, , -1)","DRIVERPIN_c(1733, S_XG_COUNTRY_USA, USA)","DRIVERINTERIORCONFIG_c(22330, 1, None, None)",DRIVERPORTRAIT_c(14613),True,AIRACEDRIVERPROFILE_c(3365),"RACESERIES_c(22538, S_SERIES_SPRINT_CUP, 22539, [], [], 2014, False, None)",2014_MEARS,129106177
DRIVERCONFIG_c,22523,,22523,0x1857D,22523,"DRIVER_c(1100, S_DRIVER_D_EARNHARDT_JR, None, False, True, DaleJr, 129106177, True, True)","DRIVERNUMBER_c(23094, W:\NAS3\Hud\2014\numbers\88_Earnhardt_jr.tga, 88_DALEEARNHARDTJR2014)","RACETEAM_c(1340, S_TEAM_HM, None, TeamHendrick)","LIVERIE_c(22928, 14_88_EARNHARDT_JR_PRIMARY, BaseColour_c(0, 0, 180), , None, False, False, None, None, False, None, False, 131990039, , -1)","DRIVERPIN_c(1733, S_XG_COUNTRY_USA, USA)","DRIVERINTERIORCONFIG_c(22315, 1, None, None)",DRIVERPORTRAIT_c(7410),True,AIRACEDRIVERPROFILE_c(3265),"RACESERIES_c(22538, S_SERIES_SPRINT_CUP, 22539, [], [], 2014, False, None)",2014_EARNHARDT,129106177
DRIVERCONFIG_c,22524,,22524,0x185B0,22524,"DRIVER_c(1400, S_DRIVER_M_MCDOWELL, None, False, True, Mc_Driver, 129106177, False, False)","DRIVERNUMBER_c(23096, W:\NAS3\Hud\2014\numbers\95_Mcdowell.tga, 95_MICHAELMCDOWELL2014)","RACETEAM_c(8739, S_TEAM_LFR, None, LeavineFamily95)","LIVERIE_c(23125, 14_95_MCDOWELL_PRIMARY, BaseColour_c(0, 0, 180), , None, False, False, None, None, False, None, False, 131990039, , -1)","DRIVERPIN_c(1733, S_XG_COUNTRY_USA, USA)","DRIVERINTERIORCONFIG_c(22324, 1, None, None)",DRIVERPORTRAIT_c(14746),True,AIRACEDRIVERPROFILE_c(3258),"RACESERIES_c(22538, S_SERIES_SPRINT_CUP, 22539, [], [], 2014, False, None)",2014_MCDOWELL,129106177
DRIVERCONFIG_c,22525,,22525,0x185E3,22525,"DRIVER_c(9663, S_DRIVER_A_DILLON, None, False, True, austindillon3, 129106177, False, False)","DRIVERNUMBER_c(23073, W:\NAS3\Hud\2014\numbers\3_Dillon.tga, 3_AUSTINDILLON2014)","RACETEAM_c(1333, S_TEAM_RCR, None, RCRracing)","LIVERIE_c(23113, 14_3_DILLON_PRIMARY, BaseColour_c(0, 0, 180), , None, False, False, None, None, False, None, False, 131990039, , -1)","DRIVERPIN_c(1733, S_XG_COUNTRY_USA, USA)","DRIVERINTERIORCONFIG_c(22330, 1, None, None)",DRIVERPORTRAIT_c(18295),True,AIRACEDRIVERPROFILE_c(18354),"RACESERIES_c(22538, S_SERIES_SPRINT_CUP, 22539, [], [], 2014, False, None)",2014_DILLON,129106177
DRIVERCONFIG_c,22526,,22526,0x18616,22526,"DRIVER_c(1123, S_DRIVER_P_MENARD, None, False, True, RCR27PMenard, 131793153, False, False)","DRIVERNUMBER_c(23070, W:\NAS3\Hud\2014\numbers\27_Menard.tga, 27_PAULMENARD2014)","RACETEAM_c(1333, S_TEAM_RCR, None, RCRracing)","LIVERIE_c(23121, 14_27_MENARD_PRIMARY, BaseColour_c(0, 0, 180), , None, False, False, None, None, False, None, False, 131990039, , -1)","DRIVERPIN_c(1733, S_XG_COUNTRY_USA, USA)","DRIVERINTERIORCONFIG_c(22327, 1, None, None)",DRIVERPORTRAIT_c(7385),True,AIRACEDRIVERPROFILE_c(3266),"RACESERIES_c(22538, S_SERIES_SPRINT_CUP, 22539, [], [], 2014, False, None)",2014_MENARD,129106177
DRIVERCONFIG_c,22527,,22527,0x18649,22527,"DRIVER_c(5766, S_DRIVER_T_BAYNE, None, False, True, tbayne21, 131793153, False, False)","DRIVERNUMBER_c(23067, W:\NAS3\Hud\2014\numbers\21_Bayne.tga, 21_TREVORBAYNE2014)","RACETEAM_c(1341, S_TEAM_WBR, None, woodbrothers21)","LIVERIE_c(23120, 14_21_BAYNE_PRIMARY, BaseColour_c(0, 0, 180), , None, False, False, None, None, False, None, False, 131990039, , -1)","DRIVERPIN_c(1733, S_XG_COUNTRY_USA, USA)","DRIVERINTERIORCONFIG_c(22337, 1, None, None)",DRIVERPORTRAIT_c(7381),True,AIRACEDRIVERPROFILE_c(6921),"RACESERIES_c(22538, S_SERIES_SPRINT_CUP, 22539, [], [], 2014, False, None)",2014_BAYNE,129106177
DRIVERCONFIG_c,22528,,22528,0x1867C,22528,"DRIVER_c(1121, S_DRIVER_J_MCMURRAY, None, False, True, JamieMcMurray, 131727617, True, False)","DRIVERNUMBER_c(23064, W:\NAS3\Hud\2014\numbers\1_McMurray.tga, 1_JAMIEMCMURRAY2014)","RACETEAM_c(1349, S_TEAM_EGR, None, EGRTeams)","LIVERIE_c(23110, 14_1_MCMURRAY_PRIMARY, BaseColour_c(0, 0, 180), , None, False, False, None, None, False, None, False, 131990039, , -1)","DRIVERPIN_c(1733, S_XG_COUNTRY_USA, USA)","DRIVERINTERIORCONFIG_c(22326, 1, None, None)",DRIVERPORTRAIT_c(7397),True,AIRACEDRIVERPROFILE_c(3230),"RACESERIES_c(22538, S_SERIES_SPRINT_CUP, 22539, [], [], 2014, False, None)",2014_MCMURRAY,129106177
DRIVERCONFIG_c,22529,,22529,0x186AF,22529,"DRIVER_c(7175, S_DRIVER_R_STENHOUSE_JR, None, False, True, stenhousejr, 129106177, True, False)","DRIVERNUMBER_c(23062, W:\NAS3\Hud\2014\numbers\17_Stenhouse_Jr.tga, 17_STENHOUSEJR2014)","RACETEAM_c(1331, S_TEAM_RFR, None, roushfenway)","LIVERIE_c(23118, 14_17_STENHOUSE_JR_PRIMARY, BaseColour_c(0, 0, 180), , None, False, False, None, None, False, None, False, 131990039, , -1)","DRIVERPIN_c(1733, S_XG_COUNTRY_USA, USA)","DRIVERINTERIORCONFIG_c(22337, 1, None, None)",DRIVERPORTRAIT_c(21856),True,AIRACEDRIVERPROFILE_c(12391),"RACESERIES_c(22538, S_SERIES_SPRINT_CUP, 22539, [], [], 2014, False, None)",2014_STENHOUSE,129106177
DRIVERCONFIG_c,22530,,22530,0x186E2,22530,"DRIVER_c(1113, S_DRIVER_K_KAHNE, None, False, True, kaseykahne, 131793153, False, False)","DRIVERNUMBER_c(23089, W:\NAS3\Hud\2014\numbers\5_Kahne.tga, 5_KASEYKAHNE2014)","RACETEAM_c(1340, S_TEAM_HM, None, TeamHendrick)","LIVERIE_c(22915, 14_5_KAHNE_PRIMARY, BaseColour_c(0, 0, 180), , None, False, False, None, None, False, None, False, 131990039, , -1)","DRIVERPIN_c(1733, S_XG_COUNTRY_USA, USA)","DRIVERINTERIORCONFIG_c(22320, 1, None, None)",DRIVERPORTRAIT_c(7393),True,AIRACEDRIVERPROFILE_c(3235),"RACESERIES_c(22538, S_SERIES_SPRINT_CUP, 22539, [], [], 2014, False, None)",2014_KAHNE,129106177
DRIVERCONFIG_c,22531,,22531,0x18715,22531,"DRIVER_c(1131, S_DRIVER_D_REUTIMANN, None, False, True, , 131727617, False, False)","DRIVERNUMBER_c(24595, W:\nas3\Hud\2014\numbers\35_reutimann.tga, 35_DAVIDREUTIMANN2014)","RACETEAM_c(1327, S_TEAM_FRM, None, FrontRowNASCAR)","LIVERIE_c(24604, 14_35_DAVID_REUTIMANN_PRIMARY, BaseColour_c(0, 0, 180), , None, False, False, None, None, False, None, False, 131990039, , -1)","DRIVERPIN_c(1733, S_XG_COUNTRY_USA, USA)","DRIVERINTERIORCONFIG_c(22324, 1, None, None)",DRIVERPORTRAIT_c(21872),True,AIRACEDRIVERPROFILE_c(3229),"RACESERIES_c(22538, S_SERIES_SPRINT_CUP, 22539, [], [], 2014, False, None)",2014_REUTIMANN,129106177
DRIVERCONFIG_c,22532,,22532,0x18748,22532,"DRIVER_c(1126, S_DRIVER_J_NEMECHEK, None, False, True, FrontRowJoe87, 129106177, False, False)","DRIVERNUMBER_c(23093, W:\NAS3\Hud\2014\numbers\87_Nemechek.tga, 87_JOENEMECHEK2014)","RACETEAM_c(1350, S_TEAM_NM, None, )","LIVERIE_c(23102, 14_87_NEMECHEK_PRIMARY, BaseColour_c(0, 0, 180), , None, False, False, None, None, False, None, False, 131990039, , -1)","DRIVERPIN_c(1733, S_XG_COUNTRY_USA, USA)","DRIVERINTERIORCONFIG_c(22321, 1, None, None)",DRIVERPORTRAIT_c(14614),True,AIRACEDRIVERPROFILE_c(3264),"RACESERIES_c(22538, S_SERIES_SPRINT_CUP, 22539, [], [], 2014, False, None)",2014_NEMECHEK,129106177
DRIVERCONFIG_c,22533,,22533,0x1877B,22533,"DRIVER_c(1096, S_DRIVER_K_BUSCH_02, None, False, True, kylebusch, 131793153, True, True)","DRIVERNUMBER_c(23063, W:\NAS3\Hud\2014\numbers\18_Busch.tga, 18_KYLEBUSCH2014)","RACETEAM_c(1335, S_TEAM_JGR, None, joegibbsracing)","LIVERIE_c(23119, 14_18_BUSCH_PRIMARY, BaseColour_c(0, 0, 180), , None, False, False, None, None, False, None, False, 131990039, , -1)","DRIVERPIN_c(1733, S_XG_COUNTRY_USA, USA)","DRIVERINTERIORCONFIG_c(22329, 1, None, None)",DRIVERPORTRAIT_c(7391),True,AIRACEDRIVERPROFILE_c(3242),"RACESERIES_c(22538, S_SERIES_SPRINT_CUP, 22539, [], [], 2014, False, None)",2014_BUSCHKYLE,129106177
DRIVERCONFIG_c,22534,,22534,0x187AE,22534,"DRIVER_c(2847, S_DRIVER_T_KVAPIL, None, False, True, TravisKvapil, 129106177, False, False)","DRIVERNUMBER_c(23095, W:\NAS3\Hud\2014\numbers\93_Kvapil.tga, 93_TRAVISKVAPIL2014)","RACETEAM_c(10518, S_TEAM_BKRACING, None, BKRacing8393)","LIVERIE_c(22917, 14_93_KVAPIL_PRIMARY, BaseColour_c(0, 0, 180), , None, False, False, None, None, False, None, False, 131990039, , -1)","DRIVERPIN_c(1733, S_XG_COUNTRY_USA, USA)","DRIVERINTERIORCONFIG_c(22324, 1, None, None)",DRIVERPORTRAIT_c(7379),False,AIRACEDRIVERPROFILE_c(3249),"RACESERIES_c(22538, S_SERIES_SPRINT_CUP, 22539, [], [], 2014, False, None)",2014_KVAPIL,129106177
DRIVERCONFIG_c,22535,,22535,0x187E1,22535,"DRIVER_c(1111, S_DRIVER_J_JOHNSON, None, False, True, JimmieJohnson, 131793153, True, True)","DRIVERNUMBER_c(23086, W:\NAS3\Hud\2014\numbers\48_Johnson.tga, 48_JIMMYJOHNSON2014)","RACETEAM_c(1340, S_TEAM_HM, None, TeamHendrick)","LIVERIE_c(22914, 14_48_JOHNSON_PRIMARY, BaseColour_c(0, 0, 180), , None, False, False, None, None, False, None, False, 131990039, , -1)","DRIVERPIN_c(1733, S_XG_COUNTRY_USA, USA)","DRIVERINTERIORCONFIG_c(22322, 1, None, None)",DRIVERPORTRAIT_c(7399),True,AIRACEDRIVERPROFILE_c(3257),"RACESERIES_c(22538, S_SERIES_SPRINT_CUP, 22539, [], [], 2014, False, None)",2014_JOHNSON,131727617
DRIVERCONFIG_c,22536,,22536,0x18814,22536,"DRIVER_c(1101, S_DRIVER_C_EDWARDS, None, False, True, , 131793153, True, False)","DRIVERNUMBER_c(23097, W:\NAS3\Hud\2014\numbers\99_Edwards.tga, 99_CARLEDWARDS2014)","RACETEAM_c(1331, S_TEAM_RFR, None, roushfenway)","LIVERIE_c(22918, 14_99_EDWARDS_PRIMARY, BaseColour_c(0, 0, 180), , None, False, False, None, None, False, None, False, 131990039, , -1)","DRIVERPIN_c(1733, S_XG_COUNTRY_USA, USA)","DRIVERINTERIORCONFIG_c(22337, 1, None, None)",DRIVERPORTRAIT_c(7411),True,AIRACEDRIVERPROFILE_c(3267),"RACESERIES_c(22538, S_SERIES_SPRINT_CUP, 22539, [], [], 2014, False, None)",2014_EDWARDS,129106177
DRIVERCONFIG_c,22537,,22537,0x18847,22537,"DRIVER_c(21846, S_DRIVER_T_PASTRANA, None, False, True, , 129106177, False, False)","DRIVERNUMBER_c(9704, W:\NAS3\Hud\2012\numbers\6_Stenhouse_Jr.tga, 6_RICKYSTENHOUSEJR)","RACETEAM_c(1331, S_TEAM_RFR, None, roushfenway)","LIVERIE_c(21947, DLC_LIV_6_PASTRANA_2013, BaseColour_c(106, 181, 0), , None, True, False, None, None, False, None, False, 131924504, , -1)","DRIVERPIN_c(1733, S_XG_COUNTRY_USA, USA)","DRIVERINTERIORCONFIG_c(22337, 1, None, None)",DRIVERPORTRAIT_c(21859),False,AIRACEDRIVERPROFILE_c(3260),"RACESERIES_c(22538, S_SERIES_SPRINT_CUP, 22539, [], [], 2014, False, None)",2014_PASTRANA,129106177
DRIVERCONFIG_c,22677,,22677,0x1887A,22677,"DRIVER_c(22676, S_DRIVER_K_LARSON, None, False, True, KyleLarsonRacin, 129106177, False, False)","DRIVERNUMBER_c(23083, W:\NAS3\Hud\2014\numbers\42_Larson.tga, 42_KYLELARSON2014)","RACETEAM_c(1349, S_TEAM_EGR, None, EGRTeams)","LIVERIE_c(23123, 14_42_LARSON_PRIMARY, BaseColour_c(0, 0, 180), , None, False, False, None, None, False, None, False, 131990039, , -1)","DRIVERPIN_c(1733, S_XG_COUNTRY_USA, USA)","DRIVERINTERIORCONFIG_c(22337, 1, None, None)",DRIVERPORTRAIT_c(23141),True,AIRACEDRIVERPROFILE_c(23214),"RACESERIES_c(22538, S_SERIES_SPRINT_CUP, 22539, [], [], 2014, False, None)",2014_LARSON,129106177
DRIVERCONFIG_c,22678,,22678,0x188AD,22678,"DRIVER_c(1083, S_DRIVER_AJ_ALMENDINGER, None, False, True, AJDinger, 129106177, False, False)","DRIVERNUMBER_c(23085, W:\NAS3\Hud\2014\numbers\47_Allmendinger.tga, 47_AJALLMENDINGER2014)","RACETEAM_c(1326, S_TEAM_JTGDR, None, NASCAR47)","LIVERIE_c(23103, 14_47_ALLMENDINGER_PRIMARY, BaseColour_c(0, 0, 180), , None, False, False, None, None, False, None, False, 131990039, , -1)","DRIVERPIN_c(1733, S_XG_COUNTRY_USA, USA)","DRIVERINTERIORCONFIG_c(22330, 1, None, None)",DRIVERPORTRAIT_c(7416),True,AIRACEDRIVERPROFILE_c(3255),"RACESERIES_c(22538, S_SERIES_SPRINT_CUP, 22539, [], [], 2014, False, None)",2014_ALLMENDINGER,129106177
DRIVERCONFIG_c,22679,,22679,0x188E0,22679,"DRIVER_c(1139, S_DRIVER_B_VICKERS, None, False, True, BrianLVickers, 129106177, False, False)","DRIVERNUMBER_c(23088, W:\NAS3\Hud\2014\numbers\55_Vickers.tga, 55_BRIANVICKERS2014)","RACETEAM_c(1354, S_TEAM_MWR, None, MWRteam)","LIVERIE_c(23124, 14_55_VICKERS_PRIMARY, BaseColour_c(0, 0, 180), , None, False, False, None, None, False, None, False, 131990039, , -1)","DRIVERPIN_c(1733, S_XG_COUNTRY_USA, USA)","DRIVERINTERIORCONFIG_c(22335, 1, None, None)",DRIVERPORTRAIT_c(23142),True,AIRACEDRIVERPROFILE_c(3379),"RACESERIES_c(22538, S_SERIES_SPRINT_CUP, 22539, [], [], 2014, False, None)",2014_VICKERS,129106177
DRIVERCONFIG_c,22887,,22887,0x18913,22887,"DRIVER_c(2491, S_DEFAULT_PLAYER_NAME, None, True, True, , 129106177, False, False)","DRIVERNUMBER_c(2493, W:\NAS3\Hud\NEW\numbers\53-CHEVROLET_01.tga, 35_CUSTOMGENERIC)","RACETEAM_c(2495, S_DEFAULT_TEAM_NAME, None, )","LIVERIE_c(12602, TELEMETRYCHEVROLET, BaseColour_c(0, 0, 180), S_LIV_PRIMARY, None, False, False, None, None, False, None, False, 131858689, , -1)","DRIVERPIN_c(1733, S_XG_COUNTRY_USA, USA)","DRIVERINTERIORCONFIG_c(22330, 1, None, None)",DRIVERPORTRAIT_c(7485),True,AIRACEDRIVERPROFILE_c(3228),"RACESERIES_c(22538, S_SERIES_SPRINT_CUP, 22539, [], [], 2014, False, None)",CUSTOMGENERIC2014,129106177
DRIVERCONFIG_c,22888,,22888,0x18946,22888,None,None,None,None,"DRIVERPIN_c(1733, S_XG_COUNTRY_USA, USA)",None,None,False,AIRACEDRIVERPROFILE_c(3228),"RACESERIES_c(22538, S_SERIES_SPRINT_CUP, 22539, [], [], 2014, False, None)",CUSTOMGENERICF2014,129106177
DRIVERCONFIG_c,22890,,22890,0x18979,22890,"DRIVER_c(9666, S_DRIVER_L_CASSILL, None, False, True, landoncassill, 129106177, False, False)","DRIVERNUMBER_c(23081, W:\NAS3\Hud\2014\numbers\40_Cassill.tga, 40_LANDONCASSILL2014)","RACETEAM_c(22932, S_TEAM_HR, None, Hillman_Racing)","LIVERIE_c(23004, 14_40_CASSILL_PRIMARY, BaseColour_c(0, 0, 180), , None, False, False, None, None, False, None, False, 131990039, , -1)","DRIVERPIN_c(1733, S_XG_COUNTRY_USA, USA)","DRIVERINTERIORCONFIG_c(22324, 1, None, None)",DRIVERPORTRAIT_c(12595),True,AIRACEDRIVERPROFILE_c(3356),"RACESERIES_c(22538, S_SERIES_SPRINT_CUP, 22539, [], [], 2014, False, None)",2014_CASSILL,129106177
DRIVERCONFIG_c,22929,,22929,0x189AC,22929,"DRIVER_c(1142, S_DRIVER_JJ_YELEY, None, False, True, jjyeley1, 129106177, False, False)","DRIVERNUMBER_c(24591, W:\nas3\Hud\2014\numbers\44_yeley.tga, 44_JJYELEY2014)","RACETEAM_c(24588, S_TEAM_XXXTREME, None, Xxxtremeracing)","LIVERIE_c(24586, 14_44_JJ_YELEY_PRIMARY, BaseColour_c(0, 0, 180), , None, False, False, None, None, False, None, False, 131990039, , -1)","DRIVERPIN_c(1733, S_XG_COUNTRY_USA, USA)","DRIVERINTERIORCONFIG_c(22332, 1, None, None)",DRIVERPORTRAIT_c(23140),True,AIRACEDRIVERPROFILE_c(3370),"RACESERIES_c(22538, S_SERIES_SPRINT_CUP, 22539, [], [], 2014, False, None)",2014_YELEY,129106177
DRIVERCONFIG_c,22931,,22931,0x189DF,22931,"DRIVER_c(22930, S_DRIVER_R_REED, None, False, True, driverRyanReed, 129106177, False, False)","DRIVERNUMBER_c(23128, W:\NAS3\Hud\2014\numbers\6_Reed.tga, 6_RYANREED2014)","RACETEAM_c(1331, S_TEAM_RFR, None, roushfenway)","LIVERIE_c(23112, 14_6_REED_PRIMARY, BaseColour_c(0, 0, 180), , None, False, False, None, None, False, None, False, 131990039, , -1)","DRIVERPIN_c(1733, S_XG_COUNTRY_USA, USA)","DRIVERINTERIORCONFIG_c(22337, 1, None, None)",DRIVERPORTRAIT_c(23143),True,AIRACEDRIVERPROFILE_c(23218),"RACESERIES_c(22538, S_SERIES_SPRINT_CUP, 22539, [], [], 2014, False, None)",2014_REED,129106177
DRIVERCONFIG_c,22933,,22933,0x18A12,22933,None,None,None,None,"DRIVERPIN_c(1733, S_XG_COUNTRY_USA, USA)",None,None,False,AIRACEDRIVERPROFILE_c(3228),"RACESERIES_c(22538, S_SERIES_SPRINT_CUP, 22539, [], [], 2014, False, None)",2014_GENERIC00,129106177
DRIVERCONFIG_c,22934,,22934,0x18A45,22934,None,None,None,None,"DRIVERPIN_c(1733, S_XG_COUNTRY_USA, USA)",None,None,False,AIRACEDRIVERPROFILE_c(3228),"RACESERIES_c(22538, S_SERIES_SPRINT_CUP, 22539, [], [], 2014, False, None)",2014_GENERIC1,129106177
DRIVERCONFIG_c,22935,,22935,0x18A78,22935,None,None,None,None,"DRIVERPIN_c(1733, S_XG_COUNTRY_USA, USA)",None,None,False,AIRACEDRIVERPROFILE_c(3228),"RACESERIES_c(22538, S_SERIES_SPRINT_CUP, 22539, [], [], 2014, False, None)",2014_GENERIC2,129106177
DRIVERCONFIG_c,22936,,22936,0x18AAB,22936,None,None,None,None,"DRIVERPIN_c(1733, S_XG_COUNTRY_USA, USA)",None,None,False,AIRACEDRIVERPROFILE_c(3228),"RACESERIES_c(22538, S_SERIES_SPRINT_CUP, 22539, [], [], 2014, False, None)",2014_GENERIC3,129106177
DRIVERCONFIG_c,22937,,22937,0x18ADE,22937,None,None,None,None,"DRIVERPIN_c(1733, S_XG_COUNTRY_USA, USA)",None,None,False,AIRACEDRIVERPROFILE_c(3228),"RACESERIES_c(22538, S_SERIES_SPRINT_CUP, 22539, [], [], 2014, False, None)",2014_GENERIC4,129106177
DRIVERCONFIG_c,22938,,22938,0x18B11,22938,None,None,None,None,"DRIVERPIN_c(1733, S_XG_COUNTRY_USA, USA)",None,None,False,AIRACEDRIVERPROFILE_c(3228),"RACESERIES_c(22538, S_SERIES_SPRINT_CUP, 22539, [], [], 2014, False, None)",2014_GENERIC5,129106177
DRIVERCONFIG_c,22939,,22939,0x18B44,22939,None,None,None,None,"DRIVERPIN_c(1733, S_XG_COUNTRY_USA, USA)",None,None,False,AIRACEDRIVERPROFILE_c(3228),"RACESERIES_c(22538, S_SERIES_SPRINT_CUP, 22539, [], [], 2014, False, None)",2014_GENERIC6,129106177
DRIVERCONFIG_c,22940,,22940,0x18B77,22940,None,None,None,None,"DRIVERPIN_c(1733, S_XG_COUNTRY_USA, USA)",None,None,False,AIRACEDRIVERPROFILE_c(3228),"RACESERIES_c(22538, S_SERIES_SPRINT_CUP, 22539, [], [], 2014, False, None)",2014_GENERIC7,129106177
DRIVERCONFIG_c,22941,,22941,0x18BAA,22941,None,None,None,None,"DRIVERPIN_c(1733, S_XG_COUNTRY_USA, USA)",None,None,False,AIRACEDRIVERPROFILE_c(3228),"RACESERIES_c(22538, S_SERIES_SPRINT_CUP, 22539, [], [], 2014, False, None)",2014_GENERIC8,129106177
DRIVERCONFIG_c,22942,,22942,0x18BDD,22942,None,None,None,None,"DRIVERPIN_c(1733, S_XG_COUNTRY_USA, USA)",None,None,False,AIRACEDRIVERPROFILE_c(3228),"RACESERIES_c(22538, S_SERIES_SPRINT_CUP, 22539, [], [], 2014, False, None)",2014_GENERIC9,129106177
DRIVERCONFIG_c,22943,,22943,0x18C10,22943,None,None,None,None,"DRIVERPIN_c(1733, S_XG_COUNTRY_USA, USA)",None,None,False,AIRACEDRIVERPROFILE_c(3228),"RACESERIES_c(22538, S_SERIES_SPRINT_CUP, 22539, [], [], 2014, False, None)",2014_GENERIC10,129106177
DRIVERCONFIG_c,22944,,22944,0x18C43,22944,None,None,None,None,"DRIVERPIN_c(1733, S_XG_COUNTRY_USA, USA)",None,None,False,AIRACEDRIVERPROFILE_c(3228),"RACESERIES_c(22538, S_SERIES_SPRINT_CUP, 22539, [], [], 2014, False, None)",2014_GENERIC11,129106177
DRIVERCONFIG_c,22945,,22945,0x18C76,22945,None,None,None,None,"DRIVERPIN_c(1733, S_XG_COUNTRY_USA, USA)",None,None,False,AIRACEDRIVERPROFILE_c(3228),"RACESERIES_c(22538, S_SERIES_SPRINT_CUP, 22539, [], [], 2014, False, None)",2014_GENERIC12,129106177
DRIVERCONFIG_c,22946,,22946,0x18CA9,22946,None,None,None,None,"DRIVERPIN_c(1733, S_XG_COUNTRY_USA, USA)",None,None,False,AIRACEDRIVERPROFILE_c(3228),"RACESERIES_c(22538, S_SERIES_SPRINT_CUP, 22539, [], [], 2014, False, None)",2014_GENERIC13,129106177
DRIVERCONFIG_c,22947,,22947,0x18CDC,22947,None,None,None,None,"DRIVERPIN_c(1733, S_XG_COUNTRY_USA, USA)",None,None,False,AIRACEDRIVERPROFILE_c(3228),"RACESERIES_c(22538, S_SERIES_SPRINT_CUP, 22539, [], [], 2014, False, None)",2014_GENERIC14,129106177
DRIVERCONFIG_c,22948,,22948,0x18D0F,22948,None,None,None,None,"DRIVERPIN_c(1733, S_XG_COUNTRY_USA, USA)",None,None,False,AIRACEDRIVERPROFILE_c(3228),"RACESERIES_c(22538, S_SERIES_SPRINT_CUP, 22539, [], [], 2014, False, None)",2014_GENERIC15,129106177
DRIVERCONFIG_c,22950,,22950,0x18D42,22950,"DRIVER_c(22949, S_DRIVER_J_ALLGAIER, None, False, False, J_Allgaier, 129106177, False, False)","DRIVERNUMBER_c(21868, W:\NAS3\Hud\2012\numbers\51_Smith.tga, 51_REGANSMITH)","RACETEAM_c(10516, S_TEAM_PHOENIXRACING, None, phoenixracing51)","LIVERIE_c(21946, DLC_LIV_51_SMITH_2013, BaseColour_c(106, 181, 0), , None, True, False, None, None, False, None, False, 131924504, , -1)","DRIVERPIN_c(1733, S_XG_COUNTRY_USA, USA)","DRIVERINTERIORCONFIG_c(22321, 1, None, None)",DRIVERPORTRAIT_c(7416),False,AIRACEDRIVERPROFILE_c(3260),"RACESERIES_c(22538, S_SERIES_SPRINT_CUP, 22539, [], [], 2014, False, None)",2014_ALLGAIER,129106177
DRIVERCONFIG_c,22987,,22987,0x18D75,22987,"DRIVER_c(22986, S_DRIVER_M_ANNETT, None, False, True, MichaelAnnett, 129106177, False, False)","DRIVERNUMBER_c(23099, W:\NAS3\Hud\2014\numbers\7_Annett.tga, 7_ANNETT2014)","RACETEAM_c(1347, S_TEAM_TBR, None, TBR_Racing)","LIVERIE_c(23114, 14_7_ANNETT_PRIMARY, BaseColour_c(0, 0, 180), , None, False, False, None, None, False, None, False, 131990039, , -1)","DRIVERPIN_c(1733, S_XG_COUNTRY_USA, USA)","DRIVERINTERIORCONFIG_c(22332, 1, None, None)",DRIVERPORTRAIT_c(23144),True,AIRACEDRIVERPROFILE_c(23219),"RACESERIES_c(22538, S_SERIES_SPRINT_CUP, 22539, [], [], 2014, False, None)",2014_ANNETT,129106177
DRIVERCONFIG_c,23024,,23024,0x18DA8,23024,"DRIVER_c(1134, S_DRIVER_R_SMITH, None, False, True, ReganSmith, 131793153, False, False)","DRIVERNUMBER_c(23101, W:\NAS3\Hud\2014\numbers\7_smith.tga, 7_REGANSMITH2014)","RACETEAM_c(5762, S_TEAM_JRM, None, JRMotorsports)","LIVERIE_c(23127, 14_7_SMITH_PRIMARY, BaseColour_c(0, 0, 180), , None, False, False, None, None, False, None, False, 131990039, , -1)","DRIVERPIN_c(1733, S_XG_COUNTRY_USA, USA)","DRIVERINTERIORCONFIG_c(22321, 1, None, None)",DRIVERPORTRAIT_c(21855),True,AIRACEDRIVERPROFILE_c(3262),"RACESERIES_c(22538, S_SERIES_SPRINT_CUP, 22539, [], [], 2014, False, None)",2014_SMITHREGAN,129106177
DRIVERCONFIG_c,23025,,23025,0x18DDB,23025,"DRIVER_c(23022, S_DRIVER_C_ELLIOTT, None, False, True, chaseelliott, 129106177, False, False)","DRIVERNUMBER_c(23129, W:\NAS3\Hud\2014\numbers\9_Elliot.tga, 5_CHASEELLIOTT2014)","RACETEAM_c(5762, S_TEAM_JRM, None, JRMotorsports)","LIVERIE_c(23126, 14_5_ELLIOTT_PRIMARY, BaseColour_c(0, 0, 180), , None, False, False, None, None, False, None, False, 131990039, , -1)","DRIVERPIN_c(1733, S_XG_COUNTRY_USA, USA)","DRIVERINTERIORCONFIG_c(22321, 1, None, None)",DRIVERPORTRAIT_c(23146),True,AIRACEDRIVERPROFILE_c(23216),"RACESERIES_c(22538, S_SERIES_SPRINT_CUP, 22539, [], [], 2014, False, None)",2014_ELLIOTT,129106177
DRIVERCONFIG_c,23026,,23026,0x18E0E,23026,"DRIVER_c(23023, S_DRIVER_P_HARRAKA, None, False, True, paulieharraka, 129106177, False, False)","DRIVERNUMBER_c(23100, W:\NAS3\Hud\2014\numbers\12_harraka.tga, 11_PAULIEHARRAKA2014)","RACETEAM_c(23035, S_TEAM_PHLLC, None, )","LIVERIE_c(23115, 14_12_HARRAKA_PRIMARY, BaseColour_c(0, 0, 180), , None, False, False, None, None, False, None, False, 131990039, , -1)","DRIVERPIN_c(1733, S_XG_COUNTRY_USA, USA)","DRIVERINTERIORCONFIG_c(22321, 1, None, None)",DRIVERPORTRAIT_c(23139),True,AIRACEDRIVERPROFILE_c(23217),"RACESERIES_c(22538, S_SERIES_SPRINT_CUP, 22539, [], [], 2014, False, None)",2014_HARRAKA,129106177
DRIVERCONFIG_c,23151,,23151,0x18E41,23151,"DRIVER_c(23147, S_DRIVER_D_WALLACE, None, False, True, BubbaWallace, 129106177, False, False)","DRIVERNUMBER_c(23148, W:\NAS3\Hud\2014\numbers\54_Wallace_jr.tga, 54_DWALLACE2014)","RACETEAM_c(1335, S_TEAM_JGR, None, joegibbsracing)","LIVERIE_c(23199, 14_54_DARRELL_WALLACE_PRIMARY, BaseColour_c(0, 0, 180), , None, False, False, None, None, False, None, False, 131990039, , -1)","DRIVERPIN_c(1733, S_XG_COUNTRY_USA, USA)","DRIVERINTERIORCONFIG_c(22337, 1, None, None)",DRIVERPORTRAIT_c(23150),True,AIRACEDRIVERPROFILE_c(23215),"RACESERIES_c(22538, S_SERIES_SPRINT_CUP, 22539, [], [], 2014, False, None)",2014_WALLACE,131268865
DRIVERCONFIG_c,24581,,24581,0x18E74,24581,"DRIVER_c(1141, S_DRIVER_M_WALTRIP, None, False, True, mw55, 129106177, False, False)","DRIVERNUMBER_c(24592, W:\nas3\Hud\2014\numbers\66_waltrip.tga, 66_MICHAELWALTRIP2014)","RACETEAM_c(1354, S_TEAM_MWR, None, MWRteam)","LIVERIE_c(24587, 14_66_MICHAEL_WALTRIP_PRIMARY, BaseColour_c(0, 0, 180), , None, False, False, None, None, False, None, False, 131990039, , -1)","DRIVERPIN_c(1733, S_XG_COUNTRY_USA, USA)","DRIVERINTERIORCONFIG_c(22330, 1, None, None)",DRIVERPORTRAIT_c(24599),True,AIRACEDRIVERPROFILE_c(3372),"RACESERIES_c(22538, S_SERIES_SPRINT_CUP, 22539, [], [], 2014, False, None)",2014_WALTRIP,129106177
DRIVERCONFIG_c,24582,,24582,0x18EA7,24582,"DRIVER_c(24580, S_DRIVER_P_KLIGERMAN, None, False, True, pkligerman, 129106177, False, False)","DRIVERNUMBER_c(24594, W:\nas3\Hud\2014\numbers\30_kligerman.tga, 30_PARKERKLIGERMAN2014)","RACETEAM_c(21845, S_TEAM_SWAN_RACING, None, SwanRacingCo)","LIVERIE_c(24585, 14_30_PARKER_KLIGERMAN_PRIMARY, BaseColour_c(0, 0, 180), , None, False, False, None, None, False, None, False, 131990039, , -1)","DRIVERPIN_c(1733, S_XG_COUNTRY_USA, USA)","DRIVERINTERIORCONFIG_c(22323, 1, None, None)",DRIVERPORTRAIT_c(24600),True,AIRACEDRIVERPROFILE_c(3260),"RACESERIES_c(22538, S_SERIES_SPRINT_CUP, 22539, [], [], 2014, False, None)",2014_KLIGERMAN,129106177
DRIVERCONFIG_c,24583,,24583,0x18EDA,24583,"DRIVER_c(9665, S_DRIVER_C_WHITT, None, False, True, ColeWhitt, 129106177, False, False)","DRIVERNUMBER_c(24593, W:\nas3\Hud\2014\numbers\26_whitt.tga, 26_COLEWHITT2014)","RACETEAM_c(21845, S_TEAM_SWAN_RACING, None, SwanRacingCo)","LIVERIE_c(24603, 14_26_COLE_WHITT_PRIMARY, BaseColour_c(0, 0, 180), , None, False, False, None, None, False, None, False, 131990039, , -1)","DRIVERPIN_c(1733, S_XG_COUNTRY_USA, USA)","DRIVERINTERIORCONFIG_c(22323, 1, None, None)",DRIVERPORTRAIT_c(24598),True,AIRACEDRIVERPROFILE_c(3260),"RACESERIES_c(22538, S_SERIES_SPRINT_CUP, 22539, [], [], 2014, False, None)",2014_WHITT,129106177
DRIVERCONFIG_c,24590,,24590,0x18F0D,24590,"DRIVER_c(24589, S_DRIVER_A_BOWMAN, None, False, True, AlexBRacing, 129106177, False, False)","DRIVERNUMBER_c(24596, W:\nas3\Hud\2014\numbers\23_bowman.tga, 23_ALEXBOWMAN2014)","RACETEAM_c(10518, S_TEAM_BKRACING, None, BKRacing8393)","LIVERIE_c(24601, 14_23_ALEX_BOWMAN_PRIMARY, BaseColour_c(0, 0, 180), , None, False, False, None, None, False, None, False, 131990039, , -1)","DRIVERPIN_c(1733, S_XG_COUNTRY_USA, USA)","DRIVERINTERIORCONFIG_c(22324, 1, None, None)",DRIVERPORTRAIT_c(24597),True,AIRACEDRIVERPROFILE_c(3260),"RACESERIES_c(22538, S_SERIES_SPRINT_CUP, 22539, [], [], 2014, False, None)",2014_BOWMAN,129106177
DRIVERCONFIG_c,24620,,24620,0x18F40,24620,"DRIVER_c(6022, S_DRIVER_R_TRUEX, None, False, True, Ryan_Truex, 129106177, False, False)","DRIVERNUMBER_c(24621, W:\nas3\Hud\2014\numbers\83_truex.tga, 83_RYANTRUEX2014)","RACETEAM_c(10518, S_TEAM_BKRACING, None, BKRacing8393)","LIVERIE_c(24622, 14_83_RYAN_TRUEX_PRIMARY, BaseColour_c(0, 0, 180), , None, False, False, None, None, False, None, False, 131990039, , -1)","DRIVERPIN_c(1733, S_XG_COUNTRY_USA, USA)","DRIVERINTERIORCONFIG_c(22324, 1, None, None)",DRIVERPORTRAIT_c(7382),True,AIRACEDRIVERPROFILE_c(6923),"RACESERIES_c(22538, S_SERIES_SPRINT_CUP, 22539, [], [], 2014, False, None)",2014_TRUEXRYAN,129106177
