class,uid,assigned_type,assigned_key,call_offset,UID,EventType,EventNumber,PracticeSessionNumber,TrackOverride,TrackTempStart,TrackTempEnd,AltAdvertising,ForcedCautions
WEEKENDEVENT_c,8429,,8429,0xF5FE,8429,"RACETYPE_c(1161, 1162)",1,1,None,27.0,32.0,False,
WEEKENDEVENT_c,8430,,8430,0xF625,8430,"RACETYPE_c(1161, 1162)",2,2,None,30.0,35.0,False,
WEEKENDEVENT_c,8431,,8431,0xF64C,8431,"RACETYPE_c(1163, 1164)",3,-1,None,28.0,36.0,False,
WEEKENDEVENT_c,8432,,8432,0xF673,8432,"RACETYPE_c(1165, 1166)",4,-1,None,35.0,27.0,False,
WEEKENDEVENT_c,8433,,8433,0xF69A,8433,"RACETYPE_c(1161, 1162)",1,1,None,27.0,32.0,False,
WEEKENDEVENT_c,8434,,8434,0xF6C1,8434,"RACETYPE_c(1163, 1164)",2,-1,None,31.0,34.0,False,
WEEKENDEVENT_c,8435,,8435,0xF6E8,8435,"RACETYPE_c(1161, 1162)",3,2,None,22.0,28.0,False,
WEEKENDEVENT_c,8436,,8436,0xF70F,8436,"RACETYPE_c(1165, 1166)",4,-1,None,30.0,35.0,False,
WEEKENDEVENT_c,8442,,8442,0xF736,8442,"RACETYPE_c(1161, 1162)",1,1,None,18.0,24.0,False,
WEEKENDEVENT_c,8443,,8443,0xF75D,8443,"RACETYPE_c(1163, 1164)",2,-1,None,24.0,29.0,False,
WEEKENDEVENT_c,8444,,8444,0xF784,8444,"RACETYPE_c(1161, 1162)",3,2,None,22.0,27.0,False,
WEEKENDEVENT_c,8445,,8445,0xF7AB,8445,"RACETYPE_c(1161, 1162)",4,3,None,25.0,30.0,False,
WEEKENDEVENT_c,8446,,8446,0xF7D2,8446,"RACETYPE_c(1165, 1166)",5,-1,None,22.0,32.0,False,
WEEKENDEVENT_c,8447,,8447,0xF7F9,8447,"RACETYPE_c(1161, 1162)",1,1,None,27.0,33.0,False,
WEEKENDEVENT_c,8448,,8448,0xF820,8448,"RACETYPE_c(1163, 1164)",2,-1,None,28.0,34.0,False,
WEEKENDEVENT_c,8449,,8449,0xF847,8449,"RACETYPE_c(1161, 1162)",3,2,None,22.0,27.0,False,
WEEKENDEVENT_c,8450,,8450,0xF86E,8450,"RACETYPE_c(1161, 1162)",4,3,None,26.0,33.0,False,
WEEKENDEVENT_c,8451,,8451,0xF895,8451,"RACETYPE_c(1165, 1166)",5,-1,None,26.0,33.0,False,
WEEKENDEVENT_c,8452,,8452,0xF8BC,8452,"RACETYPE_c(1161, 1162)",1,1,None,21.0,27.0,False,
WEEKENDEVENT_c,8453,,8453,0xF8E3,8453,"RACETYPE_c(1161, 1162)",2,2,None,24.0,29.0,False,
WEEKENDEVENT_c,8454,,8454,0xF90A,8454,"RACETYPE_c(1163, 1164)",3,-1,None,24.0,29.0,False,
WEEKENDEVENT_c,8455,,8455,0xF931,8455,"RACETYPE_c(1165, 1166)",4,-1,None,23.0,29.0,False,
WEEKENDEVENT_c,8456,,8456,0xF958,8456,"RACETYPE_c(1161, 1162)",1,1,"WORLDSCRIPT_c(2438, 2439, S_WORLD_TEXAS, 24.0, 1.5, None, S_WORLD_LOC_TEXAS, None, False, 27, 46, 112552, 130876421, [], 27.787, None, S_DRIVER_C_EDWARDS, S_DRIVER_M_KENSETH, S_DRIVER_K_BUSCH_02, S_DRIVER_G_BIFFLE, False, 19.0, 27.0, 196.299, 160.577, 78, False, None, S_TH_KENSETH_JOHNSON, [], 31.856, 15.0, 32.0, 35.485, 30.003, 0.98, Texas)",27.0,34.0,False,
WEEKENDEVENT_c,8457,,8457,0xF97F,8457,"RACETYPE_c(1161, 1162)",2,2,"WORLDSCRIPT_c(2438, 2439, S_WORLD_TEXAS, 24.0, 1.5, None, S_WORLD_LOC_TEXAS, None, False, 27, 46, 112552, 130876421, [], 27.787, None, S_DRIVER_C_EDWARDS, S_DRIVER_M_KENSETH, S_DRIVER_K_BUSCH_02, S_DRIVER_G_BIFFLE, False, 19.0, 27.0, 196.299, 160.577, 78, False, None, S_TH_KENSETH_JOHNSON, [], 31.856, 15.0, 32.0, 35.485, 30.003, 0.98, Texas)",29.0,35.0,False,
WEEKENDEVENT_c,8458,,8458,0xF9A6,8458,"RACETYPE_c(1163, 1164)",3,-1,"WORLDSCRIPT_c(2438, 2439, S_WORLD_TEXAS, 24.0, 1.5, None, S_WORLD_LOC_TEXAS, None, False, 27, 46, 112552, 130876421, [], 27.787, None, S_DRIVER_C_EDWARDS, S_DRIVER_M_KENSETH, S_DRIVER_K_BUSCH_02, S_DRIVER_G_BIFFLE, False, 19.0, 27.0, 196.299, 160.577, 78, False, None, S_TH_KENSETH_JOHNSON, [], 31.856, 15.0, 32.0, 35.485, 30.003, 0.98, Texas)",27.0,33.0,False,
WEEKENDEVENT_c,8459,,8459,0xF9CD,8459,"RACETYPE_c(1165, 1166)",5,-1,None,29.0,23.0,False,
WEEKENDEVENT_c,8464,,8464,0xF9F4,8464,"RACETYPE_c(1161, 1162)",1,1,None,26.0,31.0,False,
WEEKENDEVENT_c,8465,,8465,0xFA1B,8465,"RACETYPE_c(1161, 1162)",2,2,None,27.0,32.0,False,
WEEKENDEVENT_c,8466,,8466,0xFA42,8466,"RACETYPE_c(1163, 1164)",3,-1,None,28.0,32.0,False,
WEEKENDEVENT_c,8467,,8467,0xFA69,8467,"RACETYPE_c(1165, 1166)",4,-1,None,27.0,32.0,False,
WEEKENDEVENT_c,8468,,8468,0xFA90,8468,"RACETYPE_c(1161, 1162)",1,1,"WORLDSCRIPT_c(1635, 1636, S_WORLD_RICHMOND, 14.0, 0.75, None, S_WORLD_LOC_RICHMOND, None, False, 25, 44, 97912, 127992851, [], 20.754, None, S_HDRIVER_R_PETTY, S_HDRIVER_R_PETTY, S_DRIVER_J_GORDON, S_HDRIVER_D_JARRET, False, 18.0, 23.0, 130.599, 109.047, 76, False, None, S_HDRIVER_R_PETTY, [], 23.435, 16.0, 30.0, 26.984, 22.952, 0.98, Richmond)",24.0,29.0,False,
WEEKENDEVENT_c,8469,,8469,0xFAB7,8469,"RACETYPE_c(1161, 1162)",2,2,"WORLDSCRIPT_c(1635, 1636, S_WORLD_RICHMOND, 14.0, 0.75, None, S_WORLD_LOC_RICHMOND, None, False, 25, 44, 97912, 127992851, [], 20.754, None, S_HDRIVER_R_PETTY, S_HDRIVER_R_PETTY, S_DRIVER_J_GORDON, S_HDRIVER_D_JARRET, False, 18.0, 23.0, 130.599, 109.047, 76, False, None, S_HDRIVER_R_PETTY, [], 23.435, 16.0, 30.0, 26.984, 22.952, 0.98, Richmond)",26.0,31.0,False,
WEEKENDEVENT_c,8470,,8470,0xFADE,8470,"RACETYPE_c(1163, 1164)",3,-1,"WORLDSCRIPT_c(1635, 1636, S_WORLD_RICHMOND, 14.0, 0.75, None, S_WORLD_LOC_RICHMOND, None, False, 25, 44, 97912, 127992851, [], 20.754, None, S_HDRIVER_R_PETTY, S_HDRIVER_R_PETTY, S_DRIVER_J_GORDON, S_HDRIVER_D_JARRET, False, 18.0, 23.0, 130.599, 109.047, 76, False, None, S_HDRIVER_R_PETTY, [], 23.435, 16.0, 30.0, 26.984, 22.952, 0.98, Richmond)",22.0,29.0,False,
WEEKENDEVENT_c,8471,,8471,0xFB05,8471,"RACETYPE_c(1165, 1166)",5,-1,None,28.0,23.0,False,
WEEKENDEVENT_c,8476,,8476,0xFB2C,8476,"RACETYPE_c(1161, 1162)",1,1,None,25.0,31.0,False,
WEEKENDEVENT_c,8477,,8477,0xFB53,8477,"RACETYPE_c(1161, 1162)",2,2,None,28.0,33.0,False,
WEEKENDEVENT_c,8478,,8478,0xFB7A,8478,"RACETYPE_c(1163, 1164)",3,-1,None,27.0,33.0,False,
WEEKENDEVENT_c,8479,,8479,0xFBA1,8479,"RACETYPE_c(1165, 1166)",4,-1,None,27.0,33.0,False,
WEEKENDEVENT_c,8480,,8480,0xFBC8,8480,"RACETYPE_c(1161, 1162)",1,1,"WORLDSCRIPT_c(1631, 1632, S_WORLD_DARLINGTON, 25.0, 1.366, None, S_WORLD_LOC_DARLINGTON, None, False, 9, 30, 68000, 127796243, [], 27.231, None, S_HDRIVER_D_PEARSON, S_HDRIVER_R_PETTY, S_DRIVER_K_BUSCH_01, S_DRIVER_M_KENSETH, False, 20.0, 23.0, 181.918, 141.383, 62, False, None, S_DRIVER_B_ELLIOT, [], 31.256, 19.0, 28.0, 35.178, 30.175, 0.99, Darlington)",24.0,30.0,False,
WEEKENDEVENT_c,8481,,8481,0xFBEF,8481,"RACETYPE_c(1161, 1162)",2,2,"WORLDSCRIPT_c(1631, 1632, S_WORLD_DARLINGTON, 25.0, 1.366, None, S_WORLD_LOC_DARLINGTON, None, False, 9, 30, 68000, 127796243, [], 27.231, None, S_HDRIVER_D_PEARSON, S_HDRIVER_R_PETTY, S_DRIVER_K_BUSCH_01, S_DRIVER_M_KENSETH, False, 20.0, 23.0, 181.918, 141.383, 62, False, None, S_DRIVER_B_ELLIOT, [], 31.256, 19.0, 28.0, 35.178, 30.175, 0.99, Darlington)",25.0,31.0,False,
WEEKENDEVENT_c,8482,,8482,0xFC16,8482,"RACETYPE_c(1163, 1164)",3,-1,"WORLDSCRIPT_c(1631, 1632, S_WORLD_DARLINGTON, 25.0, 1.366, None, S_WORLD_LOC_DARLINGTON, None, False, 9, 30, 68000, 127796243, [], 27.231, None, S_HDRIVER_D_PEARSON, S_HDRIVER_R_PETTY, S_DRIVER_K_BUSCH_01, S_DRIVER_M_KENSETH, False, 20.0, 23.0, 181.918, 141.383, 62, False, None, S_DRIVER_B_ELLIOT, [], 31.256, 19.0, 28.0, 35.178, 30.175, 0.99, Darlington)",24.0,30.0,False,
WEEKENDEVENT_c,8483,,8483,0xFC3D,8483,"RACETYPE_c(1165, 1166)",5,-1,None,31.0,24.0,True,
WEEKENDEVENT_c,8484,,8484,0xFC64,8484,"RACETYPE_c(1161, 1162)",1,1,"WORLDSCRIPT_c(1528, 1529, S_WORLD_CHARLOTTE, 24.0, 1.5, None, S_WORLD_LOC_CHARLOTTE, None, False, 6, 38, 146000, 128452115, [], 28.645, None, S_DRIVER_J_JOHNSON, S_TH_ALLISON_PETTY, S_DRIVER_D_HAMLIN, S_DRIVER_J_GORDON, False, 20.0, 25.0, 195.624, 160.306, 70, False, None, S_HDRIVER_R_PETTY, [], 32.987, 19.0, 30.0, 35.476, 30.354, 0.98, Lowes)",25.0,30.0,False,
WEEKENDEVENT_c,8485,,8485,0xFC8B,8485,"RACETYPE_c(1163, 1164)",2,-1,"WORLDSCRIPT_c(1528, 1529, S_WORLD_CHARLOTTE, 24.0, 1.5, None, S_WORLD_LOC_CHARLOTTE, None, False, 6, 38, 146000, 128452115, [], 28.645, None, S_DRIVER_J_JOHNSON, S_TH_ALLISON_PETTY, S_DRIVER_D_HAMLIN, S_DRIVER_J_GORDON, False, 20.0, 25.0, 195.624, 160.306, 70, False, None, S_HDRIVER_R_PETTY, [], 32.987, 19.0, 30.0, 35.476, 30.354, 0.98, Lowes)",22.0,28.0,False,
WEEKENDEVENT_c,8486,,8486,0xFCB2,8486,"RACETYPE_c(1161, 1162)",3,2,"WORLDSCRIPT_c(1528, 1529, S_WORLD_CHARLOTTE, 24.0, 1.5, None, S_WORLD_LOC_CHARLOTTE, None, False, 6, 38, 146000, 128452115, [], 28.645, None, S_DRIVER_J_JOHNSON, S_TH_ALLISON_PETTY, S_DRIVER_D_HAMLIN, S_DRIVER_J_GORDON, False, 20.0, 25.0, 195.624, 160.306, 70, False, None, S_HDRIVER_R_PETTY, [], 32.987, 19.0, 30.0, 35.476, 30.354, 0.98, Lowes)",20.0,24.0,False,
WEEKENDEVENT_c,8487,,8487,0xFCD9,8487,"RACETYPE_c(1161, 1162)",4,3,"WORLDSCRIPT_c(1528, 1529, S_WORLD_CHARLOTTE, 24.0, 1.5, None, S_WORLD_LOC_CHARLOTTE, None, False, 6, 38, 146000, 128452115, [], 28.645, None, S_DRIVER_J_JOHNSON, S_TH_ALLISON_PETTY, S_DRIVER_D_HAMLIN, S_DRIVER_J_GORDON, False, 20.0, 25.0, 195.624, 160.306, 70, False, None, S_HDRIVER_R_PETTY, [], 32.987, 19.0, 30.0, 35.476, 30.354, 0.98, Lowes)",26.0,31.0,False,
WEEKENDEVENT_c,8488,,8488,0xFD00,8488,"RACETYPE_c(1165, 1166)",6,-1,None,29.0,22.0,False,
WEEKENDEVENT_c,8489,,8489,0xFD27,8489,"RACETYPE_c(1161, 1162)",1,1,None,17.0,24.0,False,
WEEKENDEVENT_c,8490,,8490,0xFD4E,8490,"RACETYPE_c(1161, 1162)",2,2,None,19.0,28.0,False,
WEEKENDEVENT_c,8491,,8491,0xFD75,8491,"RACETYPE_c(1163, 1164)",3,-1,None,20.0,28.0,False,
WEEKENDEVENT_c,8492,,8492,0xFD9C,8492,"RACETYPE_c(1165, 1166)",4,-1,None,21.0,28.0,False,
WEEKENDEVENT_c,8493,,8493,0xFDC3,8493,"RACETYPE_c(1161, 1162)",1,1,None,21.0,28.0,False,
WEEKENDEVENT_c,8494,,8494,0xFDEA,8494,"RACETYPE_c(1161, 1162)",2,2,None,23.0,30.0,False,
WEEKENDEVENT_c,8495,,8495,0xFE11,8495,"RACETYPE_c(1163, 1164)",3,-1,None,21.0,27.0,False,
WEEKENDEVENT_c,8496,,8496,0xFE38,8496,"RACETYPE_c(1165, 1166)",4,-1,None,23.0,30.0,False,
WEEKENDEVENT_c,8497,,8497,0xFE5F,8497,"RACETYPE_c(1161, 1162)",1,1,None,24.0,28.0,False,
WEEKENDEVENT_c,8498,,8498,0xFE86,8498,"RACETYPE_c(1161, 1162)",2,2,None,24.0,28.0,False,
WEEKENDEVENT_c,8499,,8499,0xFEAD,8499,"RACETYPE_c(1163, 1164)",3,-1,None,26.0,31.0,False,
WEEKENDEVENT_c,8500,,8500,0xFED4,8500,"RACETYPE_c(1165, 1166)",4,-1,None,25.0,31.0,False,
WEEKENDEVENT_c,8501,,8501,0xFEFB,8501,"RACETYPE_c(1161, 1162)",1,1,None,27.0,34.0,False,
WEEKENDEVENT_c,8502,,8502,0xFF22,8502,"RACETYPE_c(1163, 1164)",2,-1,None,26.0,33.0,False,
WEEKENDEVENT_c,8503,,8503,0xFF49,8503,"RACETYPE_c(1161, 1162)",3,2,None,23.0,31.0,False,
WEEKENDEVENT_c,8504,,8504,0xFF70,8504,"RACETYPE_c(1161, 1162)",4,3,None,23.0,31.0,False,
WEEKENDEVENT_c,8505,,8505,0xFF97,8505,"RACETYPE_c(1165, 1166)",5,-1,None,25.0,34.0,False,
WEEKENDEVENT_c,8506,,8506,0xFFBE,8506,"RACETYPE_c(1161, 1162)",1,1,"WORLDSCRIPT_c(5417, 5418, S_WORLD_KENTUCKY, 14.0, 1.5, None, S_WORLD_LOC_KENTUCKY, None, False, 17, 49, 109190, 131794697, [], 29.154, None, S_DRIVER_B_KESELOWSKI, S_DRIVER_K_BUSCH_02, S_DRIVER_D_EARNHARDT_JR, S_DRIVER_B_KESELOWSKI, False, 26.0, 26.0, 183.636, 145.607, 80, False, None, S_TH_GORDON_KENSITH, [], 33.589, 19.0, 29.0, 37.143, 31.299, 0.98, Kentucky)",28.0,33.0,False,
WEEKENDEVENT_c,8507,,8507,0xFFE5,8507,"RACETYPE_c(1161, 1162)",2,2,"WORLDSCRIPT_c(5417, 5418, S_WORLD_KENTUCKY, 14.0, 1.5, None, S_WORLD_LOC_KENTUCKY, None, False, 17, 49, 109190, 131794697, [], 29.154, None, S_DRIVER_B_KESELOWSKI, S_DRIVER_K_BUSCH_02, S_DRIVER_D_EARNHARDT_JR, S_DRIVER_B_KESELOWSKI, False, 26.0, 26.0, 183.636, 145.607, 80, False, None, S_TH_GORDON_KENSITH, [], 33.589, 19.0, 29.0, 37.143, 31.299, 0.98, Kentucky)",26.0,31.0,False,
WEEKENDEVENT_c,8508,,8508,0x1000C,8508,"RACETYPE_c(1163, 1164)",3,-1,"WORLDSCRIPT_c(5417, 5418, S_WORLD_KENTUCKY, 14.0, 1.5, None, S_WORLD_LOC_KENTUCKY, None, False, 17, 49, 109190, 131794697, [], 29.154, None, S_DRIVER_B_KESELOWSKI, S_DRIVER_K_BUSCH_02, S_DRIVER_D_EARNHARDT_JR, S_DRIVER_B_KESELOWSKI, False, 26.0, 26.0, 183.636, 145.607, 80, False, None, S_TH_GORDON_KENSITH, [], 33.589, 19.0, 29.0, 37.143, 31.299, 0.98, Kentucky)",29.0,35.0,False,
WEEKENDEVENT_c,8509,,8509,0x10033,8509,"RACETYPE_c(1165, 1166)",5,-1,None,32.0,27.0,True,
WEEKENDEVENT_c,8510,,8510,0x1005A,8510,"RACETYPE_c(1161, 1162)",1,1,"WORLDSCRIPT_c(1180, 1181, S_WORLD_DAYTONA_BEACH, 31.0, 2.5, None, S_WORLD_LOC_DAYTONA_BEACH, None, False, 10, 31, 168000, 128385558, [], 47.567, None, S_HDRIVER_R_PETTY, S_HDRIVER_R_PETTY, S_DRIVER_B_ELLIOT, S_HDRIVER_B_BAKER, False, 15.0, 22.0, 210.364, 177.602, 63, False, None, S_HDRIVER_R_PETTY, [], 52.435, 12.0, 27.0, 56.883, 49.463, 0.985, Daytona)",29.0,31.0,True,
WEEKENDEVENT_c,8511,,8511,0x10081,8511,"RACETYPE_c(1161, 1162)",2,2,"WORLDSCRIPT_c(1180, 1181, S_WORLD_DAYTONA_BEACH, 31.0, 2.5, None, S_WORLD_LOC_DAYTONA_BEACH, None, False, 10, 31, 168000, 128385558, [], 47.567, None, S_HDRIVER_R_PETTY, S_HDRIVER_R_PETTY, S_DRIVER_B_ELLIOT, S_HDRIVER_B_BAKER, False, 15.0, 22.0, 210.364, 177.602, 63, False, None, S_HDRIVER_R_PETTY, [], 52.435, 12.0, 27.0, 56.883, 49.463, 0.985, Daytona)",31.0,29.0,True,
WEEKENDEVENT_c,8512,,8512,0x100A8,8512,"RACETYPE_c(1163, 1164)",3,-1,"WORLDSCRIPT_c(1180, 1181, S_WORLD_DAYTONA_BEACH, 31.0, 2.5, None, S_WORLD_LOC_DAYTONA_BEACH, None, False, 10, 31, 168000, 128385558, [], 47.567, None, S_HDRIVER_R_PETTY, S_HDRIVER_R_PETTY, S_DRIVER_B_ELLIOT, S_HDRIVER_B_BAKER, False, 15.0, 22.0, 210.364, 177.602, 63, False, None, S_HDRIVER_R_PETTY, [], 52.435, 12.0, 27.0, 56.883, 49.463, 0.985, Daytona)",31.0,30.0,True,
WEEKENDEVENT_c,8513,,8513,0x100CF,8513,"RACETYPE_c(1165, 1166)",5,-1,None,33.0,29.0,True,
WEEKENDEVENT_c,8514,,8514,0x100F6,8514,"RACETYPE_c(1161, 1162)",1,1,None,28.0,31.0,False,
WEEKENDEVENT_c,8515,,8515,0x1011D,8515,"RACETYPE_c(1163, 1164)",2,-1,None,31.0,30.0,False,
WEEKENDEVENT_c,8516,,8516,0x10144,8516,"RACETYPE_c(1161, 1162)",3,2,None,26.0,29.0,False,
WEEKENDEVENT_c,8517,,8517,0x1016B,8517,"RACETYPE_c(1161, 1162)",4,3,None,27.0,31.0,False,
WEEKENDEVENT_c,8518,,8518,0x10192,8518,"RACETYPE_c(1165, 1166)",5,-1,None,27.0,31.0,False,
WEEKENDEVENT_c,8610,,8610,0x101B9,8610,"RACETYPE_c(1161, 1162)",1,1,None,27.0,31.0,False,
WEEKENDEVENT_c,8611,,8611,0x101E0,8611,"RACETYPE_c(1161, 1162)",2,2,None,29.0,33.0,False,
WEEKENDEVENT_c,8612,,8612,0x10207,8612,"RACETYPE_c(1161, 1162)",3,3,None,29.0,33.0,False,
WEEKENDEVENT_c,8613,,8613,0x1022E,8613,"RACETYPE_c(1163, 1164)",4,-1,None,31.0,34.0,False,
WEEKENDEVENT_c,8614,,8614,0x10255,8614,"RACETYPE_c(1165, 1166)",5,-1,None,30.0,35.0,False,
WEEKENDEVENT_c,8615,,8615,0x1027C,8615,"RACETYPE_c(1161, 1162)",1,1,None,24.0,29.0,False,
WEEKENDEVENT_c,8616,,8616,0x102A3,8616,"RACETYPE_c(1161, 1162)",2,2,None,28.0,26.0,False,
WEEKENDEVENT_c,8617,,8617,0x102CA,8617,"RACETYPE_c(1163, 1164)",3,-1,None,26.0,28.0,False,
WEEKENDEVENT_c,8618,,8618,0x102F1,8618,"RACETYPE_c(1165, 1166)",4,-1,None,24.0,31.0,False,
WEEKENDEVENT_c,8619,,8619,0x10318,8619,"RACETYPE_c(1161, 1162)",1,1,None,28.0,31.0,True,
WEEKENDEVENT_c,8620,,8620,0x1033F,8620,"RACETYPE_c(1163, 1164)",2,-1,None,30.0,28.0,True,
WEEKENDEVENT_c,8621,,8621,0x10366,8621,"RACETYPE_c(1161, 1162)",3,2,None,24.0,28.0,True,
WEEKENDEVENT_c,8622,,8622,0x1038D,8622,"RACETYPE_c(1165, 1166)",4,-1,None,27.0,32.0,True,
WEEKENDEVENT_c,8683,,8683,0x103B4,8683,"RACETYPE_c(1161, 1162)",1,1,"WORLDSCRIPT_c(5348, 5349, S_WORLD_BRISTOL, 30.0, 0.533, None, S_WORLD_LOC_BRISTOL, None, False, 3, 55, 160000, 128517918, [], 14.645, None, S_HDRIVER_D_WALTRIP, S_HDRIVER_R_PETTY, S_DRIVER_K_BUSCH_02, S_HDRIVER_C_GLOTZBACH, False, 8.0, 22.0, 129.535, 101.074, 82, False, None, S_HDRIVER_R_PETTY, [], 17.895, 19.0, 32.0, 20.356, 16.145, 0.975, Bristol)",28.0,32.0,False,
WEEKENDEVENT_c,8684,,8684,0x103DB,8684,"RACETYPE_c(1161, 1162)",2,2,"WORLDSCRIPT_c(5348, 5349, S_WORLD_BRISTOL, 30.0, 0.533, None, S_WORLD_LOC_BRISTOL, None, False, 3, 55, 160000, 128517918, [], 14.645, None, S_HDRIVER_D_WALTRIP, S_HDRIVER_R_PETTY, S_DRIVER_K_BUSCH_02, S_HDRIVER_C_GLOTZBACH, False, 8.0, 22.0, 129.535, 101.074, 82, False, None, S_HDRIVER_R_PETTY, [], 17.895, 19.0, 32.0, 20.356, 16.145, 0.975, Bristol)",30.0,28.0,False,
WEEKENDEVENT_c,8685,,8685,0x10402,8685,"RACETYPE_c(1163, 1164)",3,-1,"WORLDSCRIPT_c(5348, 5349, S_WORLD_BRISTOL, 30.0, 0.533, None, S_WORLD_LOC_BRISTOL, None, False, 3, 55, 160000, 128517918, [], 14.645, None, S_HDRIVER_D_WALTRIP, S_HDRIVER_R_PETTY, S_DRIVER_K_BUSCH_02, S_HDRIVER_C_GLOTZBACH, False, 8.0, 22.0, 129.535, 101.074, 82, False, None, S_HDRIVER_R_PETTY, [], 17.895, 19.0, 32.0, 20.356, 16.145, 0.975, Bristol)",26.0,24.0,False,
WEEKENDEVENT_c,8686,,8686,0x10429,8686,"RACETYPE_c(1165, 1166)",5,-1,None,27.0,22.0,False,
WEEKENDEVENT_c,8722,,8722,0x10450,8722,"RACETYPE_c(1161, 1162)",1,1,"WORLDSCRIPT_c(5406, 5407, S_WORLD_ATLANTA, 24.0, 1.54, None, S_WORLD_LOC_ATLANTA, None, False, 33, 54, 124000, 128452383, [], 28.654, None, S_HDRIVER_D_EARNHARDT, S_HDRIVER_D_EARNHARDT, S_HDRIVER_G_BODINE, S_HDRIVER_D_EARNHARDT, False, 9.0, 23.0, 197.478, 163.633, 81, False, None, S_HDRIVER_R_PETTY, [], 31.85, 8.0, 26.0, 36.844, 30.598, 0.985, Atlanta)",27.0,30.0,False,
WEEKENDEVENT_c,8723,,8723,0x10477,8723,"RACETYPE_c(1161, 1162)",2,2,"WORLDSCRIPT_c(5406, 5407, S_WORLD_ATLANTA, 24.0, 1.54, None, S_WORLD_LOC_ATLANTA, None, False, 33, 54, 124000, 128452383, [], 28.654, None, S_HDRIVER_D_EARNHARDT, S_HDRIVER_D_EARNHARDT, S_HDRIVER_G_BODINE, S_HDRIVER_D_EARNHARDT, False, 9.0, 23.0, 197.478, 163.633, 81, False, None, S_HDRIVER_R_PETTY, [], 31.85, 8.0, 26.0, 36.844, 30.598, 0.985, Atlanta)",29.0,34.0,False,
WEEKENDEVENT_c,8724,,8724,0x1049E,8724,"RACETYPE_c(1163, 1164)",3,-1,"WORLDSCRIPT_c(5406, 5407, S_WORLD_ATLANTA, 24.0, 1.54, None, S_WORLD_LOC_ATLANTA, None, False, 33, 54, 124000, 128452383, [], 28.654, None, S_HDRIVER_D_EARNHARDT, S_HDRIVER_D_EARNHARDT, S_HDRIVER_G_BODINE, S_HDRIVER_D_EARNHARDT, False, 9.0, 23.0, 197.478, 163.633, 81, False, None, S_HDRIVER_R_PETTY, [], 31.85, 8.0, 26.0, 36.844, 30.598, 0.985, Atlanta)",25.0,29.0,False,
WEEKENDEVENT_c,8725,,8725,0x104C5,8725,"RACETYPE_c(1165, 1166)",5,-1,None,31.0,27.0,False,
WEEKENDEVENT_c,8727,,8727,0x104EC,8727,"RACETYPE_c(1161, 1162)",1,1,"WORLDSCRIPT_c(1635, 1636, S_WORLD_RICHMOND, 14.0, 0.75, None, S_WORLD_LOC_RICHMOND, None, False, 25, 44, 97912, 127992851, [], 20.754, None, S_HDRIVER_R_PETTY, S_HDRIVER_R_PETTY, S_DRIVER_J_GORDON, S_HDRIVER_D_JARRET, False, 18.0, 23.0, 130.599, 109.047, 76, False, None, S_HDRIVER_R_PETTY, [], 23.435, 16.0, 30.0, 26.984, 22.952, 0.98, Richmond)",28.0,34.0,True,
WEEKENDEVENT_c,8728,,8728,0x10513,8728,"RACETYPE_c(1161, 1162)",2,2,"WORLDSCRIPT_c(1635, 1636, S_WORLD_RICHMOND, 14.0, 0.75, None, S_WORLD_LOC_RICHMOND, None, False, 25, 44, 97912, 127992851, [], 20.754, None, S_HDRIVER_R_PETTY, S_HDRIVER_R_PETTY, S_DRIVER_J_GORDON, S_HDRIVER_D_JARRET, False, 18.0, 23.0, 130.599, 109.047, 76, False, None, S_HDRIVER_R_PETTY, [], 23.435, 16.0, 30.0, 26.984, 22.952, 0.98, Richmond)",30.0,31.0,True,
WEEKENDEVENT_c,8729,,8729,0x1053A,8729,"RACETYPE_c(1163, 1164)",3,-1,"WORLDSCRIPT_c(1635, 1636, S_WORLD_RICHMOND, 14.0, 0.75, None, S_WORLD_LOC_RICHMOND, None, False, 25, 44, 97912, 127992851, [], 20.754, None, S_HDRIVER_R_PETTY, S_HDRIVER_R_PETTY, S_DRIVER_J_GORDON, S_HDRIVER_D_JARRET, False, 18.0, 23.0, 130.599, 109.047, 76, False, None, S_HDRIVER_R_PETTY, [], 23.435, 16.0, 30.0, 26.984, 22.952, 0.98, Richmond)",28.0,27.0,True,
WEEKENDEVENT_c,8730,,8730,0x10561,8730,"RACETYPE_c(1165, 1166)",5,-1,None,31.0,26.0,True,
WEEKENDEVENT_c,8732,,8732,0x10588,8732,"RACETYPE_c(1161, 1162)",1,1,None,28.0,31.0,False,
WEEKENDEVENT_c,8733,,8733,0x105AF,8733,"RACETYPE_c(1163, 1164)",2,-1,None,30.0,28.0,False,
WEEKENDEVENT_c,8734,,8734,0x105D6,8734,"RACETYPE_c(1161, 1162)",3,2,None,24.0,27.0,False,
WEEKENDEVENT_c,8735,,8735,0x105FD,8735,"RACETYPE_c(1161, 1162)",4,3,None,27.0,30.0,False,
WEEKENDEVENT_c,8736,,8736,0x10624,8736,"RACETYPE_c(1165, 1166)",5,-1,None,27.0,32.0,False,
WEEKENDEVENT_c,9353,,9353,0x1064B,9353,"RACETYPE_c(1161, 1162)",1,1,None,24.0,30.0,False,
WEEKENDEVENT_c,9354,,9354,0x10672,9354,"RACETYPE_c(1161, 1162)",2,2,None,28.0,32.0,False,
WEEKENDEVENT_c,9355,,9355,0x10699,9355,"RACETYPE_c(1163, 1164)",3,-1,None,29.0,30.0,False,
WEEKENDEVENT_c,9356,,9356,0x106C0,9356,"RACETYPE_c(1165, 1166)",4,-1,None,28.0,32.0,False,
WEEKENDEVENT_c,9359,,9359,0x106E7,9359,"RACETYPE_c(1161, 1162)",1,1,None,27.0,30.0,True,
WEEKENDEVENT_c,9360,,9360,0x1070E,9360,"RACETYPE_c(1161, 1162)",2,2,None,29.0,34.0,True,
WEEKENDEVENT_c,9361,,9361,0x10735,9361,"RACETYPE_c(1163, 1164)",3,-1,None,32.0,34.0,True,
WEEKENDEVENT_c,9362,,9362,0x1075C,9362,"RACETYPE_c(1165, 1166)",4,-1,None,28.0,33.0,True,
WEEKENDEVENT_c,9377,,9377,0x10783,9377,"RACETYPE_c(1161, 1162)",1,1,"WORLDSCRIPT_c(1528, 1529, S_WORLD_CHARLOTTE, 24.0, 1.5, None, S_WORLD_LOC_CHARLOTTE, None, False, 6, 38, 146000, 128452115, [], 28.645, None, S_DRIVER_J_JOHNSON, S_TH_ALLISON_PETTY, S_DRIVER_D_HAMLIN, S_DRIVER_J_GORDON, False, 20.0, 25.0, 195.624, 160.306, 70, False, None, S_HDRIVER_R_PETTY, [], 32.987, 19.0, 30.0, 35.476, 30.354, 0.98, Lowes)",29.0,28.0,False,
WEEKENDEVENT_c,9378,,9378,0x107AA,9378,"RACETYPE_c(1163, 1164)",2,-1,"WORLDSCRIPT_c(1528, 1529, S_WORLD_CHARLOTTE, 24.0, 1.5, None, S_WORLD_LOC_CHARLOTTE, None, False, 6, 38, 146000, 128452115, [], 28.645, None, S_DRIVER_J_JOHNSON, S_TH_ALLISON_PETTY, S_DRIVER_D_HAMLIN, S_DRIVER_J_GORDON, False, 20.0, 25.0, 195.624, 160.306, 70, False, None, S_HDRIVER_R_PETTY, [], 32.987, 19.0, 30.0, 35.476, 30.354, 0.98, Lowes)",29.0,28.0,False,
WEEKENDEVENT_c,9379,,9379,0x107D1,9379,"RACETYPE_c(1161, 1162)",3,2,"WORLDSCRIPT_c(1528, 1529, S_WORLD_CHARLOTTE, 24.0, 1.5, None, S_WORLD_LOC_CHARLOTTE, None, False, 6, 38, 146000, 128452115, [], 28.645, None, S_DRIVER_J_JOHNSON, S_TH_ALLISON_PETTY, S_DRIVER_D_HAMLIN, S_DRIVER_J_GORDON, False, 20.0, 25.0, 195.624, 160.306, 70, False, None, S_HDRIVER_R_PETTY, [], 32.987, 19.0, 30.0, 35.476, 30.354, 0.98, Lowes)",30.0,29.0,False,
WEEKENDEVENT_c,9380,,9380,0x107F8,9380,"RACETYPE_c(1161, 1162)",4,3,"WORLDSCRIPT_c(1528, 1529, S_WORLD_CHARLOTTE, 24.0, 1.5, None, S_WORLD_LOC_CHARLOTTE, None, False, 6, 38, 146000, 128452115, [], 28.645, None, S_DRIVER_J_JOHNSON, S_TH_ALLISON_PETTY, S_DRIVER_D_HAMLIN, S_DRIVER_J_GORDON, False, 20.0, 25.0, 195.624, 160.306, 70, False, None, S_HDRIVER_R_PETTY, [], 32.987, 19.0, 30.0, 35.476, 30.354, 0.98, Lowes)",29.0,28.0,False,
WEEKENDEVENT_c,9381,,9381,0x1081F,9381,"RACETYPE_c(1165, 1166)",6,-1,None,30.0,27.0,True,
WEEKENDEVENT_c,9383,,9383,0x10846,9383,"RACETYPE_c(1161, 1162)",1,1,None,29.0,34.0,False,
WEEKENDEVENT_c,9384,,9384,0x1086D,9384,"RACETYPE_c(1163, 1164)",2,-1,None,31.0,29.0,False,
WEEKENDEVENT_c,9385,,9385,0x10894,9385,"RACETYPE_c(1161, 1162)",3,2,None,28.0,32.0,False,
WEEKENDEVENT_c,9386,,9386,0x108BB,9386,"RACETYPE_c(1161, 1162)",4,3,None,32.0,35.0,False,
WEEKENDEVENT_c,9387,,9387,0x108E2,9387,"RACETYPE_c(1165, 1166)",5,-1,None,32.0,36.0,False,
WEEKENDEVENT_c,9389,,9389,0x10909,9389,"RACETYPE_c(1161, 1162)",1,1,None,28.0,30.0,False,
WEEKENDEVENT_c,9390,,9390,0x10930,9390,"RACETYPE_c(1161, 1162)",2,2,None,31.0,27.0,False,
WEEKENDEVENT_c,9391,,9391,0x10957,9391,"RACETYPE_c(1163, 1164)",3,-1,None,29.0,32.0,False,
WEEKENDEVENT_c,9392,,9392,0x1097E,9392,"RACETYPE_c(1165, 1166)",4,-1,None,27.0,32.0,False,
WEEKENDEVENT_c,9394,,9394,0x109A5,9394,"RACETYPE_c(1161, 1162)",1,1,None,29.0,35.0,True,
WEEKENDEVENT_c,9395,,9395,0x109CC,9395,"RACETYPE_c(1163, 1164)",2,-1,None,32.0,29.0,True,
WEEKENDEVENT_c,9396,,9396,0x109F3,9396,"RACETYPE_c(1161, 1162)",3,2,None,26.0,29.0,True,
WEEKENDEVENT_c,9397,,9397,0x10A1A,9397,"RACETYPE_c(1161, 1162)",4,3,None,29.0,31.0,True,
WEEKENDEVENT_c,9398,,9398,0x10A41,9398,"RACETYPE_c(1165, 1166)",5,-1,None,32.0,34.0,True,
WEEKENDEVENT_c,12538,,12538,0x10A68,12538,"RACETYPE_c(12534, 12535)",4,-1,None,22.0,20.0,False,0.4;0.73
WEEKENDEVENT_c,12539,,12539,0x10A8F,12539,"RACETYPE_c(12536, 12537)",5,-1,None,20.0,17.0,False,
WEEKENDEVENT_c,12546,,12546,0x10AB6,12546,"RACETYPE_c(1163, 1164)",2,-1,None,25.0,28.0,False,
WEEKENDEVENT_c,12547,,12547,0x10ADD,12547,"RACETYPE_c(1161, 1162)",1,1,None,21.0,24.0,False,
WEEKENDEVENT_c,12548,,12548,0x10B04,12548,"RACETYPE_c(1161, 1162)",3,2,None,25.0,28.0,False,
WEEKENDEVENT_c,12549,,12549,0x10B2B,12549,"RACETYPE_c(12542, 12543)",4,-1,None,26.0,28.0,False,
WEEKENDEVENT_c,12550,,12550,0x10B52,12550,"RACETYPE_c(12544, 12545)",5,-1,None,28.0,30.0,False,
WEEKENDEVENT_c,12555,,12555,0x10B79,12555,"RACETYPE_c(1161, 1162)",1,3,None,19.0,27.0,False,
WEEKENDEVENT_c,12556,,12556,0x10BA0,12556,"RACETYPE_c(1161, 1162)",2,4,None,22.0,28.0,False,
WEEKENDEVENT_c,12557,,12557,0x10BC7,12557,"RACETYPE_c(1161, 1162)",3,5,None,24.0,28.0,False,
WEEKENDEVENT_c,12558,,12558,0x10BEE,12558,"RACETYPE_c(1165, 1166)",4,-1,None,22.0,27.0,False,
WEEKENDEVENT_c,14573,,14573,0x10C15,14573,"RACETYPE_c(1161, 1162)",1,1,None,32.0,34.0,False,
WEEKENDEVENT_c,14574,,14574,0x10C3C,14574,"RACETYPE_c(1161, 1162)",2,2,None,33.0,35.0,False,
WEEKENDEVENT_c,14575,,14575,0x10C63,14575,"RACETYPE_c(1163, 1164)",3,-1,None,33.0,34.0,False,
WEEKENDEVENT_c,14576,,14576,0x10C8A,14576,"RACETYPE_c(1165, 1166)",4,-1,None,31.0,35.0,False,
WEEKENDEVENT_c,14578,,14578,0x10CB1,14578,"RACETYPE_c(1161, 1162)",1,1,None,29.0,31.0,False,
WEEKENDEVENT_c,14579,,14579,0x10CD8,14579,"RACETYPE_c(1161, 1162)",2,2,None,30.0,34.0,False,
WEEKENDEVENT_c,14580,,14580,0x10CFF,14580,"RACETYPE_c(1163, 1164)",3,-1,None,34.0,35.0,False,
WEEKENDEVENT_c,14581,,14581,0x10D26,14581,"RACETYPE_c(1165, 1166)",4,-1,None,32.0,29.0,False,
WEEKENDEVENT_c,14586,,14586,0x10D4D,14586,"RACETYPE_c(1161, 1162)",1,1,None,28.0,32.0,False,
WEEKENDEVENT_c,14587,,14587,0x10D74,14587,"RACETYPE_c(1161, 1162)",2,2,None,30.0,27.0,False,
WEEKENDEVENT_c,14588,,14588,0x10D9B,14588,"RACETYPE_c(1163, 1164)",3,-1,None,26.0,29.0,False,
WEEKENDEVENT_c,14589,,14589,0x10DC2,14589,"RACETYPE_c(1165, 1166)",4,-1,None,27.0,32.0,False,
WEEKENDEVENT_c,14590,,14590,0x10DE9,14590,"RACETYPE_c(1161, 1162)",1,1,None,30.0,33.0,False,
WEEKENDEVENT_c,14591,,14591,0x10E10,14591,"RACETYPE_c(1161, 1162)",2,2,None,32.0,36.0,False,
WEEKENDEVENT_c,14592,,14592,0x10E37,14592,"RACETYPE_c(1163, 1164)",3,-1,None,31.0,33.0,False,
WEEKENDEVENT_c,14593,,14593,0x10E5E,14593,"RACETYPE_c(1165, 1166)",4,-1,None,31.0,34.0,False,
WEEKENDEVENT_c,14749,,14749,0x10E85,14749,"RACETYPE_c(1161, 1162)",1,1,"WORLDSCRIPT_c(1180, 1181, S_WORLD_DAYTONA_BEACH, 31.0, 2.5, None, S_WORLD_LOC_DAYTONA_BEACH, None, False, 10, 31, 168000, 128385558, [], 47.567, None, S_HDRIVER_R_PETTY, S_HDRIVER_R_PETTY, S_DRIVER_B_ELLIOT, S_HDRIVER_B_BAKER, False, 15.0, 22.0, 210.364, 177.602, 63, False, None, S_HDRIVER_R_PETTY, [], 52.435, 12.0, 27.0, 56.883, 49.463, 0.985, Daytona)",23.0,21.0,False,
WEEKENDEVENT_c,14750,,14750,0x10EAC,14750,"RACETYPE_c(1161, 1162)",2,2,"WORLDSCRIPT_c(1180, 1181, S_WORLD_DAYTONA_BEACH, 31.0, 2.5, None, S_WORLD_LOC_DAYTONA_BEACH, None, False, 10, 31, 168000, 128385558, [], 47.567, None, S_HDRIVER_R_PETTY, S_HDRIVER_R_PETTY, S_DRIVER_B_ELLIOT, S_HDRIVER_B_BAKER, False, 15.0, 22.0, 210.364, 177.602, 63, False, None, S_HDRIVER_R_PETTY, [], 52.435, 12.0, 27.0, 56.883, 49.463, 0.985, Daytona)",19.0,17.0,False,
WEEKENDEVENT_c,18280,,18280,0x10ED3,18280,"RACETYPE_c(7571, 7572)",4,-1,None,0.0,0.0,True,
WEEKENDEVENT_c,18281,,18281,0x10EFA,18281,"RACETYPE_c(7571, 7572)",4,-1,None,0.0,0.0,False,
WEEKENDEVENT_c,18282,,18282,0x10F21,18282,"RACETYPE_c(7571, 7572)",4,-1,None,0.0,0.0,True,
WEEKENDEVENT_c,18305,,18305,0x10F48,18305,"RACETYPE_c(7571, 7572)",4,-1,None,0.0,0.0,True,
WEEKENDEVENT_c,18766,,18766,0x10F6F,18766,"RACETYPE_c(7571, 7572)",4,-1,None,0.0,0.0,False,
WEEKENDEVENT_c,18767,,18767,0x10F96,18767,"RACETYPE_c(7571, 7572)",4,-1,None,0.0,0.0,False,
WEEKENDEVENT_c,18768,,18768,0x10FBD,18768,"RACETYPE_c(7571, 7572)",3,-1,None,0.0,0.0,False,
WEEKENDEVENT_c,18828,,18828,0x10FE4,18828,"RACETYPE_c(7571, 7572)",4,-1,None,0.0,0.0,False,
WEEKENDEVENT_c,18829,,18829,0x1100B,18829,"RACETYPE_c(7571, 7572)",5,-1,None,0.0,0.0,True,
WEEKENDEVENT_c,18846,,18846,0x11032,18846,"RACETYPE_c(7571, 7572)",5,-1,None,0.0,0.0,False,
WEEKENDEVENT_c,21787,,21787,0x11059,21787,"RACETYPE_c(7571, 7572)",4,-1,None,0.0,0.0,True,
WEEKENDEVENT_c,22360,,22360,0x11080,22360,"RACETYPE_c(22358, 22359)",6,-1,None,17.0,16.0,False,
WEEKENDEVENT_c,22479,,22479,0x110A7,22479,"RACETYPE_c(12562, 12563)",1,-1,None,0.0,0.0,False,0.5
WEEKENDEVENT_c,22480,,22480,0x110CE,22480,"RACETYPE_c(7698, 7699)",1,-1,None,0.0,0.0,False,0.22;0.44;0.66;0.88
